Route_ID,Distance_km,Fuel_Type,Fuel_Consumed_Liters,Avg_Speed_kmph,Traffic_Level,Weather_Condition,Cargo_Weight_kg,CO2_Emission_kg
R0001,1146,Hybrid,47.19,60,Medium,Clear,5743,216.5
R0002,880,Diesel,39.64,43,Medium,Rainy,7510,416.04
R0003,1150,Diesel,24.19,78,Medium,Clear,9935,618.98
R0004,1115,Petrol,43.52,66,Medium,Clear,5641,401.11
R0005,1064,CNG,13.97,31,Medium,Clear,934,209.41
R0006,141,Petrol,36.42,81,Low,Clear,9960,64.73
R0007,486,CNG,43.09,77,Low,Foggy,6126,141.07
R0008,350,Diesel,19.12,75,Medium,Clear,8572,175.51
R0009,107,CNG,38.36,43,Medium,Rainy,8070,34.8
R0010,1143,Diesel,16.16,88,Low,Rainy,6918,522.11
R0011,891,Electric,16.35,62,Low,Clear,5128,26.96
R0012,150,CNG,7.14,64,High,Clear,4803,39.97
R0013,789,Diesel,23.12,87,High,Clear,9538,416.22
R0014,363,Diesel,37.03,68,Medium,Clear,1872,116.36
R0015,825,Diesel,47.13,87,Medium,Clear,2264,273.18
R0016,405,Petrol,30.98,76,Medium,Snow,7211,160.32
R0017,975,Diesel,43.43,80,High,Clear,8483,486.56
R0018,296,CNG,41.48,49,High,Clear,2935,68.92
R0019,479,Petrol,10.32,31,Low,Foggy,2765,140.63
R0020,41,Diesel,25.32,80,High,Clear,6213,17.95
R0021,272,Diesel,7.61,70,Low,Rainy,2663,93.0
R0022,767,Diesel,34.74,48,Low,Clear,8598,385.15
R0023,876,Electric,47.6,88,Medium,Clear,8231,31.94
R0024,494,Diesel,8.58,66,Medium,Clear,8823,251.06
R0025,1102,CNG,37.23,47,High,Clear,2796,253.82
R0026,530,Electric,32.35,45,Low,Clear,4787,15.67
R0027,719,CNG,30.01,33,Medium,Rainy,7421,225.46
R0028,995,Electric,20.73,41,High,Clear,7113,34.05
R0029,209,Petrol,19.05,58,High,Foggy,7804,85.58
R0030,977,Hybrid,4.17,36,Low,Clear,5671,183.73
R0031,706,Diesel,12.46,43,Medium,Clear,7436,332.37
R0032,977,Diesel,2.73,84,Medium,Clear,158,267.96
R0033,582,CNG,29.91,41,Low,Foggy,9865,208.11
R0034,851,Hybrid,7.08,64,High,Clear,1240,114.78
R0035,1174,Electric,43.9,34,High,Clear,2662,29.73
R0036,666,Diesel,27.11,46,Low,Foggy,2952,232.9
R0037,40,Diesel,35.59,87,Low,Clear,6741,18.08
R0038,860,Hybrid,21.72,71,Low,Foggy,1041,113.94
R0039,186,Diesel,28.91,61,High,Clear,6641,83.57
R0040,407,CNG,47.25,39,Low,Rainy,7530,128.42
R0041,620,Electric,5.97,72,Medium,Foggy,1521,14.29
R0042,335,Petrol,14.19,46,Medium,Rainy,5865,122.24
R0043,33,Petrol,39.44,34,Medium,Clear,535,8.0
R0044,261,Petrol,6.74,74,Low,Clear,939,65.67
R0045,796,Diesel,5.63,71,Low,Foggy,4101,303.06
R0046,584,Electric,19.35,38,High,Clear,5348,17.93
R0047,917,Petrol,6.42,78,High,Clear,5059,317.61
R0048,111,Electric,30.08,62,Medium,Rainy,1750,2.61
R0049,975,Diesel,12.86,65,Low,Clear,5928,419.3
R0050,528,Hybrid,44.99,65,Medium,Clear,9537,123.79
R0051,795,Petrol,39.61,47,Medium,Clear,2361,226.02
R0052,54,Diesel,35.59,38,Low,Clear,9207,28.0
R0053,225,Diesel,31.61,86,High,Clear,5994,97.16
R0054,1124,CNG,43.45,58,Medium,Rainy,6378,331.36
R0055,1045,CNG,12.71,79,Low,Clear,3989,263.13
R0056,1041,Electric,43.91,43,High,Foggy,6997,35.39
R0057,585,Diesel,39.9,54,High,Foggy,1426,180.47
R0058,1149,Diesel,37.91,44,Low,Rainy,6001,496.4
R0059,722,Petrol,28.94,35,Medium,Clear,3458,223.48
R0060,421,Petrol,13.82,85,Medium,Rainy,1685,113.15
R0061,749,Petrol,22.33,71,Medium,Clear,5745,271.24
R0062,181,Hybrid,40.09,58,Low,Clear,488,22.78
R0063,221,Hybrid,3.53,44,Medium,Rainy,2891,34.19
R0064,1015,Hybrid,39.54,58,High,Clear,3432,163.6
R0065,289,CNG,13.52,33,Medium,Foggy,803,56.2
R0066,835,Petrol,8.93,47,Low,Clear,5934,306.01
R0067,475,Petrol,7.55,79,Medium,Rainy,2920,141.15
R0068,1036,Petrol,3.31,86,Medium,Clear,8153,432.55
R0069,315,Electric,27.13,78,High,Foggy,5059,9.49
R0070,739,Diesel,12.48,73,Medium,Clear,1159,222.66
R0071,357,Petrol,49.49,68,Low,Clear,9590,160.85
R0072,898,Diesel,29.57,45,Low,Clear,1401,276.43
R0073,1096,Petrol,8.62,40,Medium,Clear,8965,478.07
R0074,811,Electric,35.06,43,Low,Clear,7796,28.87
R0075,236,CNG,45.09,32,Medium,Clear,4399,61.17
R0076,783,Diesel,37.77,80,Low,Clear,6171,341.87
R0077,207,Hybrid,5.67,79,Medium,Clear,4212,35.3
R0078,399,CNG,45.0,71,Medium,Clear,7981,129.14
R0079,512,Diesel,40.11,67,High,Foggy,9308,266.91
R0080,1084,Diesel,9.6,74,High,Rainy,8501,541.49
R0081,34,Diesel,4.49,71,Low,Rainy,598,9.73
R0082,84,Diesel,28.75,47,Medium,Rainy,8720,42.46
R0083,540,Hybrid,9.49,87,Low,Clear,7345,112.4
R0084,1172,Petrol,42.06,49,Medium,Clear,2205,329.0
R0085,667,Electric,19.2,87,Medium,Clear,9845,26.47
R0086,1106,Diesel,45.82,77,High,Foggy,5427,460.68
R0087,1182,Diesel,29.15,54,High,Snow,5730,502.01
R0088,612,Petrol,10.77,86,Medium,Clear,3306,187.3
R0089,411,Diesel,8.7,67,Medium,Clear,7237,191.28
R0090,438,Petrol,29.67,42,High,Clear,2669,127.63
R0091,308,Hybrid,38.57,33,High,Clear,2728,47.04
R0092,398,Petrol,39.51,84,Low,Clear,6864,154.37
R0093,250,CNG,15.24,43,Medium,Clear,1167,50.25
R0094,1037,Diesel,11.8,62,Medium,Foggy,1606,324.96
R0095,60,Diesel,2.8,57,Low,Clear,3113,21.24
R0096,1071,Diesel,34.6,81,Low,Foggy,9959,577.15
R0097,154,Petrol,5.68,66,Low,Rainy,6742,59.3
R0098,220,Diesel,22.2,37,Medium,Rainy,4166,84.15
R0099,799,Petrol,30.88,73,Low,Rainy,1047,203.01
R0100,949,Petrol,46.98,63,Low,Rainy,4489,316.25
R0101,1076,Petrol,16.97,73,Low,Rainy,8243,451.48
R0102,1091,Diesel,13.99,34,High,Rainy,1271,332.01
R0103,522,Diesel,33.4,83,High,Clear,6214,228.52
R0104,426,Hybrid,31.72,34,Medium,Snow,271,52.51
R0105,824,CNG,17.94,60,Medium,Rainy,5782,234.08
R0106,118,Petrol,46.55,74,High,Rainy,9435,52.75
R0107,703,Diesel,42.55,38,Low,Foggy,5956,302.86
R0108,745,Hybrid,12.75,71,Low,Clear,6309,145.8
R0109,980,CNG,13.48,61,Low,Clear,3677,241.26
R0110,632,Diesel,26.59,62,Low,Clear,8480,315.34
R0111,662,Electric,39.13,32,Medium,Clear,4176,18.77
R0112,1048,Diesel,4.11,59,High,Foggy,257,290.23
R0113,522,Petrol,35.28,79,Medium,Clear,7877,214.63
R0114,786,CNG,33.12,41,Medium,Clear,2817,181.33
R0115,417,Diesel,13.11,58,High,Clear,8537,208.71
R0116,890,Hybrid,34.7,32,Low,Clear,2895,137.72
R0117,814,CNG,47.13,55,Low,Rainy,7300,253.48
R0118,412,Petrol,4.25,86,Medium,Foggy,7628,167.04
R0119,226,Diesel,17.34,59,Medium,Clear,2477,76.13
R0120,1058,Diesel,23.03,38,Low,Clear,9141,546.78
R0121,911,Diesel,45.16,55,Medium,Clear,1910,292.95
R0122,883,CNG,48.19,31,Medium,Clear,5290,243.02
R0123,762,Diesel,23.32,32,Medium,Clear,5532,319.56
R0124,583,Petrol,38.0,75,Medium,Snow,7995,241.29
R0125,1040,CNG,27.52,33,Medium,Clear,2226,228.87
R0126,115,Diesel,27.81,54,Low,Clear,7053,52.95
R0127,504,CNG,15.35,80,Medium,Clear,3130,119.12
R0128,250,Diesel,12.41,42,Low,Rainy,6423,110.86
R0129,768,Hybrid,15.82,68,High,Rainy,5847,146.05
R0130,560,Petrol,28.7,73,Medium,Rainy,5705,202.28
R0131,1079,Diesel,3.4,64,Medium,Clear,5991,465.87
R0132,544,Diesel,45.55,84,Medium,Foggy,3176,193.53
R0133,1129,Petrol,9.5,52,Medium,Clear,2444,323.13
R0134,597,CNG,12.56,38,Medium,Clear,719,115.19
R0135,701,CNG,26.88,31,High,Clear,2507,157.81
R0136,576,CNG,36.09,83,High,Clear,6360,169.62
R0137,1032,Diesel,6.59,70,Medium,Foggy,3104,365.13
R0138,665,Diesel,17.25,73,Low,Foggy,4014,251.62
R0139,815,Diesel,48.5,60,Medium,Clear,3696,301.38
R0140,1071,Petrol,14.59,73,Medium,Foggy,9969,491.9
R0141,209,Electric,17.03,76,Low,Rainy,4139,5.91
R0142,652,Petrol,42.15,31,Low,Foggy,1404,171.01
R0143,647,Diesel,4.41,61,High,Clear,5730,274.79
R0144,992,Petrol,24.3,47,Low,Clear,7382,396.59
R0145,729,Electric,20.22,42,Medium,Clear,3407,19.55
R0146,668,CNG,17.2,75,Medium,Foggy,1461,137.81
R0147,337,Electric,15.71,34,Medium,Clear,6765,11.3
R0148,703,Diesel,6.39,87,Low,Clear,4394,273.21
R0149,683,Diesel,17.11,71,High,Clear,1887,219.21
R0150,1156,Electric,4.07,73,Medium,Clear,1173,25.83
R0151,461,CNG,39.49,39,Medium,Rainy,9457,161.45
R0152,583,Diesel,21.11,85,Medium,Foggy,6002,251.89
R0153,1156,CNG,23.31,72,Medium,Rainy,3699,285.05
R0154,971,Electric,44.89,54,High,Foggy,3155,25.55
R0155,1124,CNG,33.59,63,Medium,Clear,6576,335.37
R0156,718,CNG,2.39,66,Medium,Clear,759,139.05
R0157,132,Petrol,47.27,59,High,Clear,6420,49.85
R0158,21,Petrol,13.38,36,Medium,Clear,6613,8.02
R0159,661,Petrol,7.17,35,Low,Clear,4742,224.12
R0160,239,Electric,38.87,83,Low,Rainy,9421,9.28
R0161,874,Electric,26.02,84,High,Clear,6473,28.79
R0162,404,Electric,22.82,32,Medium,Rainy,4566,11.77
R0163,1173,Diesel,13.98,42,Medium,Clear,9760,625.82
R0164,1096,CNG,28.28,32,Medium,Clear,5687,309.47
R0165,749,CNG,15.17,55,Low,Clear,2571,169.48
R0166,266,CNG,45.28,86,Medium,Clear,9443,93.09
R0167,855,CNG,12.33,53,Low,Clear,6275,250.47
R0168,222,Electric,44.45,82,Medium,Clear,8384,8.16
R0169,142,Petrol,28.85,35,Medium,Clear,1381,37.17
R0170,420,Petrol,41.77,72,Medium,Clear,3277,128.26
R0171,786,Diesel,36.22,89,Medium,Clear,5767,334.61
R0172,313,Petrol,35.44,87,High,Rainy,4611,105.18
R0173,299,CNG,17.57,78,Medium,Rainy,3981,75.25
R0174,903,CNG,13.23,71,Low,Clear,2513,203.39
R0175,217,Diesel,12.12,41,Low,Rainy,1644,68.22
R0176,1001,Diesel,43.15,78,Medium,Rainy,4884,402.27
R0177,771,CNG,41.38,65,High,Rainy,5861,220.12
R0178,163,Diesel,23.15,31,High,Clear,7974,79.1
R0179,628,Diesel,8.36,40,High,Clear,7061,289.29
R0180,1167,Diesel,20.35,68,Medium,Rainy,5726,495.51
R0181,206,Diesel,31.73,63,Medium,Clear,4614,81.28
R0182,483,Diesel,23.81,55,Medium,Foggy,1245,146.65
R0183,679,Petrol,39.45,47,Low,Foggy,9202,299.88
R0184,783,Petrol,49.89,50,Low,Clear,5550,280.04
R0185,974,Electric,11.17,65,High,Clear,1666,22.73
R0186,422,Petrol,24.06,69,Low,Clear,3105,127.2
R0187,166,CNG,22.69,81,Low,Clear,4607,43.65
R0188,1191,Diesel,16.62,75,Low,Clear,4348,461.39
R0189,883,Diesel,11.51,73,High,Clear,8383,438.27
R0190,508,CNG,5.15,51,Medium,Clear,4092,128.86
R0191,948,Diesel,44.58,82,Medium,Clear,8622,476.65
R0192,570,Petrol,22.15,88,High,Snow,8127,237.64
R0193,357,Petrol,25.85,59,Medium,Clear,5860,130.23
R0194,891,CNG,46.01,79,Medium,Foggy,9246,308.67
R0195,660,Diesel,39.26,72,Low,Foggy,8145,323.34
R0196,492,Diesel,8.26,89,Low,Clear,3077,173.71
R0197,170,CNG,29.14,59,High,Rainy,5447,47.27
R0198,282,Diesel,23.23,37,Medium,Clear,4389,109.56
R0199,163,CNG,40.27,63,Medium,Rainy,629,31.19
R0200,365,CNG,36.76,86,Medium,Clear,2992,85.36
R0201,643,Hybrid,35.14,76,Medium,Clear,9558,150.91
R0202,1036,Diesel,18.35,38,Low,Clear,7543,490.71
R0203,900,Electric,40.64,80,Low,Clear,9765,35.58
R0204,21,Petrol,4.51,49,Low,Clear,4834,7.16
R0205,916,Petrol,9.66,69,Low,Clear,9889,419.02
R0206,273,Diesel,18.11,54,High,Clear,2625,93.06
R0207,472,CNG,5.69,48,Low,Clear,3861,117.76
R0208,1080,Diesel,13.28,34,Low,Clear,6241,473.59
R0209,1034,Petrol,41.85,40,Medium,Clear,2842,305.41
R0210,28,Diesel,47.52,44,High,Clear,4735,11.14
R0211,1142,Electric,16.62,37,Low,Clear,4525,33.18
R0212,835,CNG,14.7,48,Low,Foggy,8761,281.98
R0213,227,CNG,15.43,52,Medium,Clear,3930,56.92
R0214,1174,Diesel,15.33,56,Medium,Rainy,7092,541.78
R0215,423,Diesel,3.72,69,Medium,Clear,633,121.44
R0216,171,CNG,46.49,61,High,Foggy,4662,45.13
R0217,73,Petrol,12.26,55,High,Clear,7220,28.91
R0218,1163,Diesel,22.16,56,Medium,Clear,6663,523.23
R0219,647,CNG,2.46,48,Medium,Clear,7389,202.51
R0220,606,Hybrid,43.18,79,Medium,Clear,4187,103.17
R0221,123,CNG,37.1,71,Low,Clear,9053,42.18
R0222,273,CNG,47.44,58,High,Clear,9182,94.26
R0223,1155,Hybrid,39.52,68,Medium,Snow,2455,172.63
R0224,529,Diesel,17.06,89,Low,Clear,2055,172.18
R0225,118,Petrol,13.9,70,Medium,Clear,3071,35.47
R0226,172,Hybrid,35.49,62,Low,Rainy,5639,32.28
R0227,933,Diesel,19.48,48,Medium,Clear,7593,443.19
R0228,897,CNG,29.18,66,Medium,Foggy,1772,190.07
R0229,357,Petrol,2.3,48,Medium,Clear,2936,106.22
R0230,841,Petrol,4.97,62,High,Rainy,5027,290.67
R0231,976,CNG,27.7,76,Low,Clear,5039,264.21
R0232,180,Hybrid,29.17,45,Medium,Foggy,3744,29.69
R0233,820,CNG,38.07,52,Medium,Rainy,2397,182.98
R0234,417,Diesel,8.33,36,Medium,Clear,4161,159.44
R0235,835,Electric,26.63,55,Medium,Clear,3266,22.15
R0236,1178,Diesel,11.33,61,Medium,Clear,9611,623.75
R0237,420,Petrol,6.47,41,Medium,Snow,283,99.33
R0238,659,Petrol,21.7,37,Low,Clear,9575,296.7
R0239,1076,Petrol,9.84,34,High,Clear,2946,320.39
R0240,707,Petrol,12.65,71,Medium,Clear,9724,320.73
R0241,479,Hybrid,17.24,57,Medium,Clear,4822,85.2
R0242,974,CNG,14.45,82,Low,Clear,882,190.78
R0243,489,CNG,6.2,34,Low,Snow,1607,102.16
R0244,1065,Diesel,6.32,78,Medium,Clear,5955,458.79
R0245,769,Hybrid,11.28,55,High,Foggy,7638,162.76
R0246,57,Hybrid,4.43,34,Medium,Clear,776,7.37
R0247,249,CNG,32.07,51,High,Clear,7350,77.76
R0248,582,Diesel,15.79,44,Medium,Clear,7913,281.48
R0249,457,Diesel,15.43,42,Medium,Clear,4190,175.09
R0250,46,Diesel,17.94,57,Low,Snow,5823,19.65
R0251,245,Diesel,33.81,62,High,Foggy,9652,130.0
R0252,817,Petrol,43.79,72,Low,Clear,2786,240.26
R0253,303,Hybrid,38.44,52,High,Clear,8482,67.2
R0254,898,Petrol,36.92,62,High,Clear,9134,395.19
R0255,979,Diesel,25.25,72,High,Foggy,8626,492.34
R0256,472,Diesel,35.3,47,Medium,Foggy,7789,226.7
R0257,1039,Diesel,28.53,79,Medium,Rainy,1210,314.47
R0258,835,Diesel,12.38,82,Medium,Clear,678,240.74
R0259,678,Diesel,12.01,59,Low,Clear,161,186.01
R0260,566,Diesel,16.23,55,Medium,Clear,486,160.25
R0261,1092,CNG,45.72,45,Low,Clear,9461,382.53
R0262,36,Hybrid,28.28,42,Medium,Clear,2300,5.31
R0263,177,Petrol,37.23,68,Low,Clear,1783,47.97
R0264,496,Petrol,18.63,62,Low,Clear,6421,187.33
R0265,1089,Electric,21.57,55,Medium,Foggy,8156,39.54
R0266,537,Diesel,8.03,77,Medium,Rainy,8778,272.26
R0267,118,Diesel,10.22,30,Medium,Clear,7514,55.8
R0268,1080,Electric,41.71,78,Low,Clear,6743,36.16
R0269,299,Diesel,30.07,67,Medium,Clear,8832,152.03
R0270,516,CNG,18.2,31,Low,Rainy,5731,146.11
R0271,321,Petrol,40.54,78,Medium,Rainy,8045,133.23
R0272,200,Diesel,13.83,35,Medium,Rainy,7826,96.26
R0273,626,Diesel,48.85,75,Medium,Rainy,5269,258.08
R0274,1142,CNG,18.55,79,Medium,Clear,9530,401.46
R0275,719,Diesel,18.19,67,Medium,Clear,9282,374.32
R0276,1012,Diesel,16.97,71,Medium,Clear,6887,461.42
R0277,1159,CNG,7.86,53,Medium,Clear,4567,303.9
R0278,210,Petrol,7.33,47,Medium,Rainy,5332,74.05
R0279,272,Diesel,33.11,56,Medium,Clear,8230,133.88
R0280,1000,Electric,44.01,70,Low,Clear,6296,32.59
R0281,947,Petrol,39.94,37,Medium,Clear,4007,305.09
R0282,147,Electric,8.77,57,Medium,Snow,4388,4.23
R0283,37,CNG,28.19,39,Medium,Clear,6834,11.21
R0284,585,CNG,7.07,46,Low,Rainy,1180,117.73
R0285,589,Petrol,4.17,84,Low,Clear,6340,221.36
R0286,705,Hybrid,33.51,58,High,Clear,297,87.11
R0287,645,Diesel,27.69,87,Medium,Clear,7914,311.97
R0288,873,CNG,5.94,35,Low,Rainy,7951,282.08
R0289,981,Diesel,3.68,43,Medium,Clear,9890,526.83
R0290,174,Diesel,49.51,51,Medium,Foggy,1700,54.97
R0291,509,Diesel,3.44,83,High,Clear,7562,241.35
R0292,804,Hybrid,23.34,35,Low,Clear,6966,163.69
R0293,1147,Hybrid,26.22,55,Low,Foggy,3792,189.83
R0294,265,Diesel,7.63,68,High,Clear,8975,135.77
R0295,1082,Diesel,10.11,41,Low,Clear,3183,385.13
R0296,778,CNG,18.89,64,Low,Rainy,4089,197.3
R0297,557,Petrol,38.56,43,High,Clear,432,133.64
R0298,940,Diesel,26.34,51,Medium,Rainy,6206,411.31
R0299,427,CNG,32.62,80,Low,Clear,7433,133.99
R0300,544,Petrol,49.29,52,Low,Clear,6755,209.64
R0301,847,Hybrid,38.86,77,Low,Clear,5408,156.61
R0302,922,Diesel,22.85,36,Low,Foggy,4300,355.98
R0303,55,Petrol,23.43,69,High,Clear,2821,16.22
R0304,704,Petrol,31.7,79,Medium,Rainy,9098,309.23
R0305,39,CNG,33.94,54,Medium,Foggy,1164,7.84
R0306,340,Petrol,26.03,42,High,Clear,9180,149.99
R0307,531,CNG,32.95,50,Medium,Clear,6920,161.72
R0308,419,Diesel,3.13,70,Low,Clear,8612,210.56
R0309,673,Electric,22.62,39,Medium,Clear,4057,18.92
R0310,991,Petrol,15.39,82,High,Clear,2482,284.5
R0311,490,Diesel,8.2,84,High,Rainy,3331,176.37
R0312,1186,CNG,6.78,88,Low,Snow,7108,365.22
R0313,1135,Diesel,30.95,38,Medium,Foggy,1600,355.48
R0314,853,Diesel,27.13,44,Medium,Foggy,1668,268.73
R0315,746,Electric,14.17,81,High,Foggy,5992,23.86
R0316,873,Petrol,24.61,31,Low,Clear,3381,268.68
R0317,70,CNG,25.63,54,Medium,Rainy,9811,24.96
R0318,594,Diesel,11.36,42,High,Foggy,4189,227.56
R0319,1168,CNG,33.3,63,Medium,Clear,1965,251.55
R0320,169,Diesel,39.48,80,Medium,Snow,9697,89.88
R0321,333,Petrol,39.99,87,Low,Clear,5700,120.25
R0322,589,Hybrid,30.92,63,Low,Rainy,6155,114.18
R0323,324,CNG,26.56,64,Medium,Rainy,104,58.93
R0324,701,Petrol,4.93,67,High,Snow,8059,291.17
R0325,857,Diesel,15.82,32,Low,Clear,1268,260.73
R0326,1097,Electric,6.48,71,Medium,Rainy,2498,27.42
R0327,1022,Petrol,48.26,85,Medium,Clear,2730,299.23
R0328,463,CNG,8.48,88,Low,Clear,6708,139.24
R0329,632,CNG,9.29,35,Medium,Rainy,447,118.85
R0330,1012,Diesel,44.7,84,Medium,Clear,5961,436.12
R0331,283,Diesel,47.31,77,High,Rainy,3442,102.71
R0332,1096,CNG,38.76,78,Medium,Clear,6600,327.48
R0333,1023,Diesel,2.26,48,Medium,Clear,2674,350.07
R0334,24,Diesel,2.06,32,Low,Rainy,3925,9.02
R0335,1146,Hybrid,20.15,47,High,Clear,4693,202.06
R0336,793,Petrol,8.88,68,Low,Clear,5372,280.37
R0337,896,CNG,2.88,38,Medium,Snow,8344,295.85
R0338,1011,Petrol,24.28,81,Low,Clear,248,238.3
R0339,903,Petrol,47.27,41,High,Rainy,8794,390.33
R0340,66,Diesel,17.54,34,Medium,Clear,969,19.55
R0341,886,Diesel,33.73,32,Medium,Clear,3621,325.84
R0342,842,Diesel,33.31,40,Low,Clear,3971,317.62
R0343,955,Petrol,14.05,86,Medium,Clear,1400,250.4
R0344,675,CNG,33.22,59,Medium,Clear,7695,214.99
R0345,288,Petrol,12.19,33,Medium,Clear,4933,98.92
R0346,389,Petrol,7.86,34,Low,Clear,6770,150.04
R0347,655,Petrol,35.67,30,High,Clear,2551,189.08
R0348,1149,Diesel,7.45,56,High,Clear,4485,449.37
R0349,676,Petrol,49.85,57,Low,Clear,8630,289.66
R0350,139,Diesel,10.81,58,High,Clear,2924,48.5
R0351,850,Diesel,30.52,47,Medium,Foggy,6954,389.09
R0352,1101,Diesel,21.75,41,Medium,Rainy,9985,594.09
R0353,760,Petrol,8.07,42,Medium,Rainy,6064,280.8
R0354,136,CNG,3.34,70,Medium,Clear,1086,27.14
R0355,810,Diesel,31.89,31,Medium,Foggy,8271,399.59
R0356,1170,Diesel,40.72,66,Medium,Rainy,3590,429.31
R0357,1032,CNG,42.42,74,Medium,Rainy,8176,337.64
R0358,1101,Diesel,25.17,45,Medium,Clear,3867,412.22
R0359,653,Electric,39.32,77,Medium,Snow,2106,15.81
R0360,532,Petrol,34.3,53,Low,Foggy,8025,220.55
R0361,821,Petrol,36.76,64,High,Foggy,3207,249.39
R0362,1139,Petrol,25.64,51,Medium,Clear,4568,381.64
R0363,1161,Diesel,32.4,65,Low,Clear,3430,420.99
R0364,579,CNG,40.67,40,Low,Clear,8822,196.16
R0365,507,Petrol,21.1,84,Medium,Clear,1023,128.54
R0366,916,Electric,40.69,87,High,Foggy,6347,29.95
R0367,723,Diesel,30.42,75,Medium,Clear,8532,361.76
R0368,600,Petrol,9.96,58,Medium,Clear,1996,165.54
R0369,809,Petrol,3.18,64,Low,Clear,7983,334.61
R0370,880,Diesel,19.41,77,Medium,Clear,3424,318.95
R0371,266,Petrol,28.24,83,High,Clear,913,66.77
R0372,1119,CNG,42.31,44,Medium,Rainy,4850,299.11
R0373,173,Electric,8.12,89,Low,Clear,7718,6.13
R0374,1016,Diesel,40.41,60,Medium,Clear,882,298.52
R0375,1129,CNG,43.42,71,Low,Clear,4155,287.66
R0376,716,Hybrid,9.23,70,Medium,Clear,7889,153.7
R0377,1112,Electric,42.88,72,Medium,Clear,8299,40.7
R0378,1090,Diesel,49.59,45,Medium,Rainy,3239,389.62
R0379,1028,CNG,36.89,39,Low,Rainy,5107,279.54
R0380,113,Diesel,39.67,78,High,Rainy,4151,43.17
R0381,977,Hybrid,49.73,61,Medium,Rainy,7675,207.22
R0382,1031,Petrol,31.06,80,Medium,Clear,8809,446.02
R0383,472,Diesel,16.78,31,Medium,Snow,3290,169.37
R0384,931,CNG,42.2,53,Medium,Foggy,5737,263.72
R0385,237,Diesel,31.5,52,Medium,Foggy,678,68.33
R0386,493,Hybrid,29.9,31,Medium,Clear,8238,107.9
R0387,451,Hybrid,14.17,67,Medium,Foggy,4582,78.92
R0388,360,CNG,38.3,60,Low,Foggy,1965,77.53
R0389,570,Diesel,5.92,80,High,Foggy,5589,239.91
R0390,376,CNG,46.37,69,Medium,Clear,1476,77.67
R0391,42,Diesel,17.64,55,Low,Rainy,9197,21.77
R0392,541,Diesel,8.13,58,Medium,Snow,5508,226.53
R0393,1143,Electric,23.23,32,High,Rainy,8263,41.75
R0394,821,Diesel,4.04,87,High,Clear,5158,336.01
R0395,781,Petrol,34.86,43,Medium,Foggy,9256,345.9
R0396,461,Hybrid,45.33,54,Low,Clear,6383,90.63
R0397,788,Diesel,42.19,77,Medium,Clear,2076,256.93
R0398,1035,Diesel,8.11,30,Low,Clear,6543,462.29
R0399,535,Hybrid,8.06,82,High,Foggy,4859,95.39
R0400,1059,Diesel,41.04,32,Low,Clear,7695,505.95
R0401,811,CNG,46.36,83,Low,Clear,5020,219.26
R0402,355,Hybrid,24.11,55,Medium,Rainy,1987,51.06
R0403,277,Hybrid,25.95,47,Medium,Rainy,1091,36.87
R0404,516,CNG,17.28,38,Medium,Clear,5328,142.37
R0405,915,Diesel,44.92,67,Medium,Foggy,8146,448.3
R0406,179,Diesel,32.96,52,Low,Foggy,6550,79.99
R0407,871,Electric,15.84,50,Low,Clear,3704,23.87
R0408,709,Electric,16.34,86,Medium,Clear,1183,15.86
R0409,399,Petrol,44.78,30,Low,Clear,8726,171.85
R0410,976,Diesel,2.65,50,Medium,Clear,120,266.68
R0411,710,Diesel,17.49,56,Medium,Clear,9764,378.88
R0412,1086,Diesel,28.61,71,Medium,Foggy,1199,328.38
R0413,304,CNG,9.11,88,High,Foggy,6941,92.7
R0414,416,Petrol,6.42,35,High,Clear,2737,121.87
R0415,31,Hybrid,41.13,84,High,Clear,8681,6.95
R0416,518,CNG,44.93,73,Low,Clear,7844,166.38
R0417,773,Diesel,41.53,65,Low,Clear,3513,282.03
R0418,54,CNG,45.14,57,Medium,Clear,7557,17.07
R0419,746,Petrol,28.55,74,High,Foggy,1454,196.53
R0420,868,Petrol,40.99,46,High,Foggy,6502,329.45
R0421,109,CNG,20.43,88,High,Clear,4621,28.69
R0422,795,Electric,33.98,69,Low,Foggy,5225,24.21
R0423,624,Electric,49.46,87,High,Clear,105,12.61
R0424,989,Diesel,12.83,81,Medium,Rainy,8482,493.52
R0425,1041,Diesel,20.72,32,Low,Clear,8439,518.26
R0426,437,CNG,25.04,41,Medium,Clear,4453,113.69
R0427,134,Diesel,8.62,68,Low,Foggy,3650,49.39
R0428,636,Diesel,5.89,41,Medium,Clear,8131,311.35
R0429,845,Diesel,41.83,31,Medium,Rainy,4205,324.09
R0430,1118,CNG,48.89,85,Medium,Clear,9402,390.45
R0431,432,Diesel,21.43,75,Medium,Clear,5183,177.09
R0432,748,CNG,6.21,51,High,Clear,8916,254.69
R0433,1040,Hybrid,5.16,52,Medium,Clear,2275,153.19
R0434,780,Diesel,44.78,59,Medium,Rainy,9370,407.93
R0435,695,Diesel,24.26,34,High,Clear,8837,353.48
R0436,476,Diesel,17.36,38,High,Rainy,5324,196.94
R0437,939,Electric,24.87,50,Low,Rainy,1295,21.21
R0438,211,Diesel,17.28,40,Medium,Rainy,2169,69.33
R0439,758,Petrol,25.47,34,Low,Clear,3458,234.63
R0440,1142,Diesel,43.26,64,Low,Foggy,2538,386.6
R0441,997,CNG,30.43,56,Medium,Clear,8908,339.32
R0442,1028,Petrol,35.34,78,High,Clear,4344,339.15
R0443,115,CNG,19.5,31,Low,Clear,3443,27.83
R0444,682,Hybrid,37.45,53,High,Clear,1911,97.48
R0445,56,Diesel,34.0,60,High,Clear,271,15.53
R0446,298,Electric,7.74,62,High,Rainy,4242,8.49
R0447,236,Diesel,29.49,68,Low,Clear,725,68.34
R0448,886,Electric,14.32,59,High,Clear,6006,28.36
R0449,892,CNG,40.6,75,Medium,Rainy,8083,290.34
R0450,81,Electric,22.45,66,Medium,Clear,4163,2.29
R0451,615,Diesel,49.74,80,Low,Clear,8744,311.24
R0452,748,Diesel,6.44,57,Low,Clear,9710,398.06
R0453,416,Petrol,39.46,89,Medium,Rainy,8242,174.54
R0454,718,Petrol,34.34,60,Medium,Clear,853,179.23
R0455,1062,Diesel,38.84,40,Low,Clear,6951,486.05
R0456,196,Petrol,16.76,52,Low,Clear,5204,68.54
R0457,415,Diesel,25.62,86,Medium,Rainy,7443,195.45
R0458,464,Petrol,40.23,31,Low,Rainy,7026,181.7
R0459,95,Electric,13.16,69,High,Foggy,6927,3.22
R0460,284,Petrol,12.85,70,Low,Clear,9517,127.49
R0461,474,Diesel,28.45,56,Low,Clear,8459,236.24
R0462,737,Petrol,27.13,64,Medium,Clear,3785,233.67
R0463,754,Diesel,15.55,31,Medium,Clear,8377,374.12
R0464,870,Hybrid,16.31,68,Medium,Clear,9969,208.48
R0465,163,Diesel,15.34,66,Medium,Clear,2082,53.17
R0466,904,CNG,39.03,50,High,Clear,5044,244.8
R0467,1112,Hybrid,33.29,87,Medium,Rainy,7992,240.09
R0468,1142,Electric,41.96,34,Low,Clear,9778,45.17
R0469,415,CNG,48.82,81,Medium,Rainy,8291,136.63
R0470,1068,Electric,24.76,74,High,Clear,8733,40.01
R0471,967,Hybrid,5.2,50,Medium,Clear,8562,215.39
R0472,910,CNG,4.31,58,Low,Clear,443,171.06
R0473,1194,Petrol,16.19,49,Medium,Clear,9498,535.45
R0474,1187,CNG,46.76,67,Medium,Clear,3181,281.63
R0475,588,Petrol,27.11,49,Medium,Clear,6737,226.35
R0476,1082,CNG,15.05,79,Low,Foggy,9549,380.74
R0477,128,Petrol,21.16,54,Low,Rainy,2391,36.48
R0478,1085,Diesel,30.73,31,Medium,Clear,1632,340.76
R0479,954,Diesel,33.34,86,Low,Foggy,4462,372.51
R0480,417,Diesel,9.39,61,Medium,Rainy,1753,132.33
R0481,653,Diesel,48.9,55,Medium,Rainy,5088,266.02
R0482,1176,Diesel,28.15,35,Low,Foggy,6444,522.13
R0483,752,Petrol,8.51,70,High,Clear,8530,320.49
R0484,254,Diesel,44.89,86,High,Clear,9206,131.71
R0485,677,Electric,5.58,32,Medium,Clear,1538,15.62
R0486,770,Diesel,45.57,62,Low,Clear,3116,272.68
R0487,607,Diesel,49.84,30,Low,Clear,9752,323.72
R0488,1052,CNG,35.62,80,Medium,Clear,8266,345.88
R0489,1117,Petrol,38.98,34,Low,Foggy,6489,423.62
R0490,973,Diesel,18.19,42,High,Foggy,6077,422.36
R0491,511,Electric,47.2,48,Low,Foggy,3179,13.47
R0492,932,Electric,27.43,41,Medium,Foggy,6395,30.56
R0493,189,Diesel,37.15,77,Medium,Foggy,2358,63.06
R0494,965,Diesel,46.36,54,Medium,Clear,8658,486.13
R0495,814,Hybrid,48.81,86,Low,Clear,3091,127.87
R0496,653,CNG,41.99,80,Medium,Clear,3841,162.69
R0497,48,Petrol,16.54,64,Low,Foggy,185,11.24
R0498,358,Electric,48.39,41,High,Clear,2593,9.02
R0499,519,Diesel,32.15,59,Low,Rainy,6547,231.87
R0500,530,Petrol,46.67,34,High,Clear,8423,224.58
R0501,236,Diesel,34.45,63,High,Clear,7688,112.71
R0502,1175,CNG,16.75,51,Low,Rainy,1003,232.71
R0503,1113,Petrol,19.76,68,Medium,Clear,5183,388.67
R0504,464,CNG,28.42,42,Low,Clear,9513,162.97
R0505,895,Diesel,39.92,86,High,Clear,6290,393.65
R0506,186,Diesel,17.26,76,Medium,Clear,2904,64.8
R0507,110,Petrol,29.83,83,Medium,Rainy,1326,28.65
R0508,733,CNG,18.59,32,Medium,Clear,1384,150.2
R0509,58,Petrol,41.16,89,Low,Clear,789,14.39
R0510,1169,Diesel,24.4,82,High,Clear,5243,481.11
R0511,192,Electric,5.68,49,Low,Foggy,4882,5.71
R0512,672,Diesel,9.97,60,Medium,Clear,4981,271.82
R0513,773,Hybrid,4.93,34,Medium,Rainy,4607,135.49
R0514,1101,Diesel,25.97,53,High,Rainy,2096,359.58
R0515,495,CNG,7.1,69,Low,Clear,4481,129.03
R0516,475,Diesel,7.48,83,Medium,Foggy,7780,228.03
R0517,848,Hybrid,47.17,62,Medium,Rainy,9401,197.42
R0518,914,Petrol,43.89,37,Medium,Clear,529,221.34
R0519,1044,Diesel,23.7,53,Low,Clear,5800,445.37
R0520,406,Diesel,49.32,79,Low,Foggy,3881,152.16
R0521,367,Diesel,2.01,49,Low,Rainy,8894,187.22
R0522,209,Diesel,31.47,89,Medium,Clear,8731,105.7
R0523,524,Hybrid,31.59,45,Low,Clear,9276,121.21
R0524,843,Petrol,23.96,79,Medium,Foggy,5568,301.85
R0525,948,CNG,21.05,81,Low,Rainy,4607,249.25
R0526,953,CNG,23.86,41,High,Rainy,627,182.3
R0527,1160,CNG,21.92,42,High,Clear,3096,273.44
R0528,153,Diesel,37.06,74,Medium,Rainy,3567,56.05
R0529,77,Diesel,8.5,71,Medium,Clear,1461,23.83
R0530,704,CNG,11.49,68,Low,Clear,6917,214.37
R0531,691,Hybrid,10.66,54,Low,Rainy,803,89.58
R0532,192,Diesel,14.6,75,Low,Snow,762,55.79
R0533,834,Diesel,27.21,61,Medium,Clear,8656,420.1
R0534,1192,Petrol,7.34,53,Medium,Clear,9214,526.77
R0535,99,Hybrid,43.67,77,High,Rainy,6356,19.43
R0536,905,Diesel,16.27,76,Medium,Clear,8467,451.24
R0537,222,Petrol,9.8,73,Medium,Foggy,5397,78.62
R0538,783,Electric,34.43,38,Medium,Rainy,9227,30.11
R0539,66,Diesel,3.83,69,Medium,Clear,8673,33.28
R0540,1186,Diesel,31.76,79,Low,Snow,5478,495.64
R0541,675,CNG,35.51,52,Medium,Rainy,405,126.42
R0542,490,Hybrid,12.32,79,Medium,Foggy,5597,91.71
R0543,990,Diesel,4.01,42,Medium,Rainy,4797,395.52
R0544,1055,Petrol,19.45,89,High,Foggy,2490,303.07
R0545,755,Petrol,6.73,88,Medium,Clear,7322,300.8
R0546,803,Petrol,7.59,61,Low,Clear,8033,333.05
R0547,987,CNG,14.2,79,Medium,Foggy,1565,205.46
R0548,377,Petrol,16.18,44,Medium,Clear,7952,155.66
R0549,991,Petrol,27.44,65,Low,Clear,502,239.37
R0550,687,Petrol,34.56,78,Medium,Rainy,7040,269.25
R0551,392,Petrol,30.45,34,High,Foggy,2770,115.13
R0552,1051,Petrol,9.12,51,High,Clear,8195,439.83
R0553,1165,Electric,10.26,45,Low,Foggy,8468,43.03
R0554,695,Diesel,44.18,70,High,Rainy,4644,274.79
R0555,109,Electric,28.8,39,Medium,Clear,9034,4.15
R0556,717,Electric,43.76,53,Medium,Foggy,5760,22.6
R0557,559,Diesel,19.83,47,Medium,Clear,6174,244.11
R0558,751,Petrol,31.49,78,High,Clear,2448,215.01
R0559,888,Petrol,27.14,47,Medium,Clear,6950,346.19
R0560,60,Diesel,17.32,36,Medium,Clear,4502,23.49
R0561,759,Petrol,24.56,33,Medium,Clear,850,189.41
R0562,521,Diesel,26.12,55,Medium,Foggy,9160,269.52
R0563,978,Diesel,11.64,34,Low,Rainy,4162,373.96
R0564,1188,Electric,17.12,89,High,Clear,7534,41.66
R0565,948,Diesel,39.99,84,Medium,Rainy,8505,473.65
R0566,480,Electric,45.96,45,Medium,Clear,1717,11.25
R0567,751,Petrol,19.27,64,Low,Clear,2630,218.16
R0568,771,Electric,16.73,55,Medium,Foggy,3433,20.71
R0569,944,Petrol,11.37,47,Low,Clear,7334,376.36
R0570,928,Diesel,34.57,58,Low,Clear,9889,498.34
R0571,409,CNG,17.51,52,Medium,Rainy,5868,116.82
R0572,902,Diesel,49.41,82,Medium,Clear,7807,433.67
R0573,275,Petrol,17.63,43,Medium,Foggy,611,67.11
R0574,728,Hybrid,20.92,44,Low,Clear,5182,132.63
R0575,469,Diesel,30.96,78,Medium,Clear,6960,214.76
R0576,29,Petrol,40.48,62,Low,Clear,352,6.9
R0577,843,CNG,24.54,54,High,Clear,4233,215.97
R0578,817,Electric,22.29,50,Medium,Clear,8920,30.92
R0579,896,CNG,49.79,46,Medium,Clear,3576,218.95
R0580,1048,Diesel,2.5,52,Medium,Foggy,9278,545.49
R0581,1162,CNG,44.96,86,Low,Foggy,1825,247.33
R0582,1035,Diesel,9.16,72,High,Clear,2193,340.73
R0583,393,CNG,39.72,46,Low,Clear,1801,83.48
R0584,1108,Hybrid,31.66,87,Medium,Clear,8596,247.25
R0585,165,CNG,18.41,43,Medium,Foggy,5934,47.32
R0586,243,Electric,43.95,58,Low,Snow,4440,7.02
R0587,196,Diesel,2.62,49,High,Clear,2907,68.3
R0588,872,CNG,12.88,59,Medium,Rainy,6401,257.43
R0589,82,Electric,29.21,48,Low,Clear,7672,2.9
R0590,846,Diesel,18.87,82,Low,Clear,1124,254.09
R0591,814,Electric,31.3,68,Low,Clear,3075,21.29
R0592,708,Diesel,3.16,85,High,Clear,8798,359.34
R0593,124,CNG,7.59,42,Medium,Clear,4956,33.38
R0594,1142,Electric,8.1,47,Low,Clear,6824,38.43
R0595,530,CNG,11.09,52,Low,Rainy,9345,184.55
R0596,404,Diesel,24.05,75,Medium,Clear,2667,138.17
R0597,424,Petrol,38.1,62,Medium,Clear,4687,143.23
R0598,842,Petrol,45.47,68,Medium,Clear,5022,290.92
R0599,537,Hybrid,42.1,69,Medium,Clear,5146,97.6
R0600,495,Petrol,11.45,47,Low,Clear,2994,147.94
R0601,728,Diesel,23.18,38,Medium,Clear,7303,340.11
R0602,790,CNG,11.57,62,High,Clear,7578,249.96
R0603,1066,Petrol,14.69,61,Low,Clear,5374,376.94
R0604,1016,CNG,26.17,83,Medium,Clear,9392,354.64
R0605,696,CNG,5.27,46,Medium,Clear,9928,249.66
R0606,733,Electric,12.47,48,Medium,Rainy,9747,28.95
R0607,102,Petrol,46.9,56,Low,Rainy,3713,32.17
R0608,1188,Petrol,24.37,35,High,Clear,138,277.01
R0609,1128,Diesel,23.38,64,Medium,Clear,3184,401.53
R0610,1121,Diesel,2.7,85,Medium,Clear,6365,495.32
R0611,476,Diesel,13.88,66,Medium,Clear,6698,214.6
R0612,20,Diesel,43.58,63,Low,Clear,2515,6.76
R0613,70,CNG,9.9,49,Low,Clear,858,13.68
R0614,704,CNG,21.93,54,Medium,Clear,4442,183.01
R0615,736,Petrol,2.69,33,Low,Foggy,7166,290.59
R0616,468,Electric,24.96,39,Medium,Clear,3216,12.37
R0617,900,Hybrid,3.01,39,Medium,Clear,864,117.33
R0618,507,Electric,41.34,53,Medium,Clear,9606,19.88
R0619,53,CNG,41.59,50,Medium,Foggy,4129,13.48
R0620,114,Petrol,39.81,40,Medium,Rainy,6545,43.38
R0621,1115,Petrol,15.6,56,Low,Clear,7543,449.89
R0622,173,Diesel,42.19,45,Medium,Foggy,1417,53.33
R0623,269,Petrol,28.06,55,Medium,Clear,800,66.82
R0624,693,Hybrid,19.94,59,Medium,Foggy,7627,146.59
R0625,457,Electric,32.02,78,Low,Foggy,4483,13.24
R0626,137,Diesel,2.59,45,Medium,Clear,1693,43.25
R0627,790,Petrol,8.86,36,Low,Rainy,4245,258.83
R0628,287,Electric,37.63,45,Low,Clear,9522,11.21
R0629,1097,Diesel,13.72,64,Low,Clear,6807,497.81
R0630,255,Petrol,30.7,87,High,Clear,7097,100.27
R0631,408,Electric,20.48,45,Low,Rainy,7126,13.97
R0632,1009,Petrol,43.03,69,Low,Clear,2712,295.01
R0633,782,Diesel,47.72,41,Low,Clear,7499,369.47
R0634,420,Petrol,44.41,64,Low,Rainy,2008,116.0
R0635,643,Electric,14.99,78,Medium,Clear,7054,21.93
R0636,786,Petrol,11.32,50,Low,Clear,1890,214.95
R0637,938,Diesel,24.77,79,Low,Clear,8268,462.66
R0638,872,Petrol,2.35,72,Medium,Clear,3028,261.29
R0639,597,Petrol,3.24,65,Medium,Clear,9380,266.11
R0640,94,Petrol,28.56,77,Medium,Clear,7781,38.44
R0641,454,CNG,26.98,46,Medium,Snow,5351,125.45
R0642,122,Diesel,49.74,61,Low,Rainy,4227,46.86
R0643,783,Electric,11.69,70,Medium,Clear,5063,23.59
R0644,757,Diesel,14.39,35,Low,Clear,5411,314.99
R0645,825,Petrol,7.45,53,Medium,Clear,9457,369.2
R0646,117,Diesel,46.04,56,Medium,Rainy,8892,59.68
R0647,817,Petrol,39.33,49,Low,Clear,2125,227.84
R0648,878,Petrol,41.47,54,Medium,Clear,9876,401.38
R0649,454,Petrol,45.33,31,High,Foggy,7915,187.07
R0650,466,Diesel,27.2,38,High,Clear,1087,139.5
R0651,268,CNG,23.66,57,Medium,Clear,5410,74.34
R0652,185,Diesel,17.86,82,Medium,Foggy,2065,60.26
R0653,1003,CNG,30.28,67,Low,Rainy,7416,314.43
R0654,1039,Hybrid,23.81,32,Low,Clear,9731,246.01
R0655,561,Diesel,23.68,49,Medium,Rainy,968,166.13
R0656,778,Petrol,46.97,35,Medium,Clear,2163,217.64
R0657,1149,Petrol,49.23,68,High,Rainy,1229,296.75
R0658,100,Diesel,40.23,62,Medium,Clear,4478,39.09
R0659,152,Petrol,38.32,84,Medium,Foggy,5254,53.33
R0660,816,CNG,34.67,30,Medium,Snow,6356,240.24
R0661,919,Petrol,9.97,66,High,Foggy,6551,349.84
R0662,157,Diesel,4.84,35,Medium,Foggy,2034,51.01
R0663,203,Electric,35.15,74,Medium,Clear,1176,4.54
R0664,804,Petrol,36.98,63,Medium,Clear,5300,282.93
R0665,1003,Electric,4.25,76,High,Clear,1739,23.55
R0666,88,Petrol,46.55,44,Low,Rainy,9684,39.84
R0667,565,Petrol,6.37,74,High,Foggy,6485,214.22
R0668,72,Diesel,15.72,55,Medium,Clear,8322,35.62
R0669,224,Diesel,34.27,86,Medium,Foggy,8096,109.44
R0670,145,Hybrid,10.15,43,Medium,Foggy,803,18.8
R0671,62,Diesel,4.66,87,Medium,Snow,9160,32.07
R0672,130,Hybrid,17.9,83,Low,Foggy,5580,24.3
R0673,780,Petrol,38.77,36,High,Clear,8524,332.32
R0674,867,Diesel,21.86,75,Medium,Clear,7877,418.48
R0675,114,Diesel,33.34,87,Medium,Clear,5462,47.59
R0676,919,Diesel,29.82,60,Low,Clear,1050,274.18
R0677,379,Hybrid,3.07,53,Medium,Rainy,8350,83.46
R0678,919,Petrol,49.45,88,Medium,Foggy,2918,273.05
R0679,300,Petrol,3.99,60,Medium,Foggy,3700,94.53
R0680,686,Diesel,48.45,58,Medium,Rainy,8593,344.38
R0681,112,Diesel,28.39,71,Medium,Clear,7945,54.27
R0682,691,Petrol,48.23,61,High,Clear,3044,207.31
R0683,80,Diesel,7.51,46,Medium,Clear,6355,35.33
R0684,653,Electric,25.54,43,High,Clear,7680,23.09
R0685,1094,Petrol,10.14,69,Low,Clear,8608,468.21
R0686,1048,Petrol,4.45,65,Medium,Clear,5364,370.33
R0687,623,Petrol,31.64,87,Medium,Clear,7618,252.45
R0688,701,Petrol,11.97,77,Medium,Clear,8222,293.79
R0689,553,Hybrid,30.21,53,High,Rainy,1278,74.84
R0690,857,Petrol,7.39,74,Low,Clear,3955,275.07
R0691,664,Diesel,17.94,83,Low,Clear,8623,333.87
R0692,252,CNG,39.52,56,High,Clear,6137,73.2
R0693,543,Diesel,22.98,54,Low,Snow,627,155.8
R0694,365,Diesel,32.13,88,Medium,Clear,2159,119.83
R0695,1089,Hybrid,33.08,61,Medium,Clear,9390,253.39
R0696,565,CNG,42.5,81,High,Rainy,311,104.86
R0697,1121,Hybrid,17.6,47,Low,Clear,1814,158.92
R0698,1116,Petrol,34.99,75,Low,Foggy,2788,328.24
R0699,813,Petrol,48.16,47,Medium,Clear,3366,249.93
R0700,268,Diesel,37.05,66,High,Clear,5249,110.34
R0701,66,Diesel,25.51,55,Medium,Clear,9324,34.44
R0702,1164,Electric,32.27,38,Medium,Rainy,1432,26.61
R0703,233,Petrol,37.5,89,Medium,Clear,6920,90.67
R0704,258,Electric,31.39,64,High,Clear,5991,8.25
R0705,1099,CNG,2.8,37,High,Clear,4786,292.5
R0706,369,Diesel,11.35,49,High,Clear,4191,141.38
R0707,126,Petrol,40.9,83,Low,Clear,543,30.55
R0708,850,CNG,15.09,71,Low,Rainy,9790,302.79
R0709,67,Diesel,37.11,51,Medium,Rainy,1026,19.95
R0710,356,Electric,19.86,48,High,Clear,6346,11.64
R0711,1069,Petrol,27.05,59,Low,Clear,722,263.62
R0712,823,Diesel,5.26,82,Low,Rainy,9771,439.33
R0713,27,Petrol,10.7,57,Medium,Clear,3137,8.16
R0714,644,Hybrid,47.95,64,Low,Clear,333,79.85
R0715,738,Diesel,44.73,72,Medium,Clear,9909,396.71
R0716,322,Electric,33.31,40,Medium,Rainy,2791,8.24
R0717,658,Diesel,24.06,60,Medium,Foggy,7502,310.94
R0718,75,CNG,34.44,78,Medium,Rainy,486,14.16
R0719,745,CNG,31.69,77,Medium,Clear,1734,157.35
R0720,545,Diesel,29.29,68,Medium,Clear,8210,267.96
R0721,493,Diesel,4.84,65,Medium,Foggy,4233,189.46
R0722,47,CNG,32.37,59,Medium,Clear,9476,16.48
R0723,97,Petrol,38.91,52,Medium,Snow,5681,34.98
R0724,384,CNG,49.72,48,Low,Foggy,2067,83.41
R0725,685,Diesel,2.53,41,Low,Clear,5668,289.78
R0726,545,Electric,37.05,44,Low,Foggy,7384,18.95
R0727,718,CNG,29.45,60,Low,Clear,8532,239.51
R0728,902,Hybrid,22.83,72,Medium,Foggy,5245,165.01
R0729,1050,Diesel,8.12,66,High,Clear,5867,449.83
R0730,1046,Petrol,21.64,66,Medium,Clear,8853,453.57
R0731,938,Petrol,19.01,44,Medium,Rainy,2099,261.02
R0732,769,Petrol,16.54,58,Medium,Rainy,5001,265.32
R0733,382,Petrol,37.08,79,Medium,Clear,2879,113.15
R0734,825,Diesel,35.63,72,Medium,Clear,9967,444.76
R0735,758,CNG,30.27,55,Low,Clear,6292,222.29
R0736,1058,Petrol,47.06,73,Low,Clear,1777,286.58
R0737,504,Diesel,18.79,31,Medium,Clear,9943,271.38
R0738,47,CNG,13.7,49,High,Clear,4277,12.08
R0739,733,Petrol,33.48,44,Low,Clear,7311,291.85
R0740,1082,Diesel,11.54,81,Low,Clear,7973,525.06
R0741,105,Hybrid,17.12,33,Medium,Clear,3941,17.57
R0742,145,Hybrid,12.78,51,Low,Clear,7198,29.92
R0743,831,Petrol,5.32,79,High,Clear,6516,315.67
R0744,556,Diesel,41.72,67,Medium,Snow,4985,224.95
R0745,164,CNG,14.22,52,High,Clear,694,31.57
R0746,44,Petrol,24.71,88,Medium,Foggy,2712,12.86
R0747,86,Diesel,4.08,55,Medium,Rainy,6459,38.22
R0748,252,Petrol,35.57,80,Medium,Rainy,1596,67.21
R0749,128,Petrol,17.87,40,Medium,Rainy,3655,40.2
R0750,1189,Petrol,37.75,57,Medium,Foggy,4961,409.14
R0751,130,Petrol,21.8,85,Low,Clear,4866,44.45
R0752,247,CNG,11.4,31,Medium,Clear,3458,59.83
R0753,130,Hybrid,26.63,88,Medium,Rainy,9893,31.03
R0754,53,Petrol,8.26,37,High,Clear,1014,13.43
R0755,642,CNG,23.15,58,Medium,Foggy,1944,138.02
R0756,767,Electric,17.23,40,Medium,Clear,2095,18.55
R0757,614,Petrol,45.77,66,Low,Rainy,7725,250.31
R0758,444,Petrol,4.92,47,Medium,Clear,194,104.1
R0759,632,CNG,35.31,84,Medium,Clear,8784,213.69
R0760,711,Petrol,10.77,79,High,Clear,3169,215.35
R0761,334,Electric,17.31,43,High,Rainy,249,6.85
R0762,896,Petrol,21.94,83,Low,Foggy,1146,229.7
R0763,681,Hybrid,45.58,39,High,Clear,2903,105.44
R0764,296,Diesel,13.64,64,Low,Foggy,5434,123.35
R0765,643,Diesel,6.38,38,Medium,Clear,8690,324.48
R0766,535,CNG,17.3,64,Medium,Clear,4576,140.37
R0767,862,Diesel,7.02,40,Low,Clear,7376,404.41
R0768,369,Diesel,8.17,73,Medium,Clear,651,106.12
R0769,842,Diesel,29.54,41,Low,Clear,8586,422.53
R0770,1180,Diesel,4.92,32,Low,Clear,1243,358.2
R0771,778,Diesel,3.48,82,Medium,Rainy,555,221.72
R0772,918,Hybrid,36.29,68,Medium,Rainy,9845,218.61
R0773,262,Diesel,19.36,43,High,Clear,8460,130.59
R0774,562,CNG,8.02,85,Medium,Clear,2046,121.86
R0775,1083,CNG,14.17,57,Medium,Clear,6215,316.1
R0776,248,Hybrid,32.82,40,Medium,Clear,7410,51.81
R0777,567,Diesel,15.23,68,Low,Clear,6280,249.23
R0778,939,Electric,25.74,54,Low,Clear,5917,29.89
R0779,25,Petrol,7.84,50,Medium,Foggy,5480,8.9
R0780,487,CNG,30.23,39,Medium,Foggy,6474,144.41
R0781,94,CNG,17.17,72,Medium,Clear,8545,31.38
R0782,23,Electric,32.09,44,Medium,Clear,8170,0.84
R0783,665,Diesel,40.8,48,Medium,Clear,1420,205.05
R0784,137,CNG,31.36,77,Low,Rainy,7223,42.47
R0785,900,Petrol,16.2,51,Low,Clear,6253,336.44
R0786,523,CNG,14.28,50,High,Clear,6689,157.11
R0787,966,Hybrid,17.72,89,Medium,Rainy,3707,158.89
R0788,593,Diesel,9.9,81,High,Clear,500,168.12
R0789,213,Hybrid,10.7,73,Low,Clear,6142,41.26
R0790,866,Diesel,39.95,61,High,Clear,462,244.62
R0791,734,Diesel,20.47,79,Low,Clear,3951,276.48
R0792,1069,Diesel,22.93,52,Low,Clear,3512,390.0
R0793,192,Diesel,30.51,42,High,Clear,184,52.79
R0794,345,CNG,30.3,34,Low,Clear,1924,74.05
R0795,1161,Diesel,5.23,33,Medium,Clear,8599,583.02
R0796,855,Diesel,41.91,57,Low,Rainy,8922,436.81
R0797,743,Hybrid,10.51,43,Medium,Clear,4875,132.63
R0798,244,Electric,36.71,37,High,Clear,7968,8.77
R0799,551,Electric,39.09,38,Medium,Rainy,7719,19.53
R0800,132,Electric,36.32,86,Medium,Rainy,7518,4.62
R0801,159,CNG,29.79,80,Low,Foggy,2471,35.69
R0802,578,Diesel,2.7,64,Medium,Clear,7168,267.92
R0803,20,Petrol,19.3,66,Medium,Clear,3400,6.16
R0804,109,CNG,31.03,50,Low,Rainy,5921,31.24
R0805,673,Diesel,20.6,87,Medium,Rainy,7903,325.32
R0806,339,CNG,43.45,47,Low,Clear,7564,107.18
R0807,158,Diesel,16.82,62,High,Foggy,826,46.18
R0808,864,Diesel,16.09,37,Medium,Clear,7221,401.73
R0809,278,Petrol,14.77,80,Low,Snow,9940,127.5
R0810,921,CNG,17.97,78,Medium,Foggy,4412,238.92
R0811,709,Petrol,28.76,46,Medium,Rainy,8100,295.16
R0812,29,CNG,35.94,72,Medium,Foggy,9561,10.21
R0813,280,Diesel,33.8,60,High,Rainy,4643,110.7
R0814,191,Diesel,40.77,63,Medium,Clear,8114,93.41
R0815,917,Electric,44.52,35,High,Clear,418,19.11
R0816,32,CNG,41.17,51,Medium,Clear,3575,7.82
R0817,340,Diesel,2.91,43,Low,Clear,5253,140.02
R0818,348,Electric,37.32,32,Medium,Rainy,4234,9.91
R0819,804,Diesel,12.0,41,Medium,Clear,1702,254.03
R0820,796,Petrol,8.38,65,Medium,Clear,2356,226.21
R0821,930,Diesel,32.65,41,High,Clear,9121,480.13
R0822,1138,CNG,17.35,74,Medium,Foggy,9147,392.21
R0823,337,CNG,4.74,31,High,Clear,7419,105.66
R0824,255,Diesel,8.61,31,Medium,Clear,7632,121.4
R0825,353,Electric,2.04,44,Medium,Clear,7466,12.33
R0826,395,Petrol,45.35,52,Medium,Rainy,2748,115.82
R0827,1180,Diesel,3.18,58,Medium,Clear,7003,541.72
R0828,607,Diesel,12.05,46,High,Rainy,1958,195.98
R0829,532,Diesel,21.98,61,Medium,Clear,1202,160.91
R0830,937,Diesel,19.12,36,Low,Clear,2581,318.29
R0831,892,Petrol,45.76,59,Medium,Foggy,1920,244.55
R0832,289,Electric,3.93,57,Medium,Clear,3258,7.66
R0833,817,Petrol,26.59,43,Low,Clear,3784,259.02
R0834,744,Diesel,34.66,73,Low,Clear,7511,351.76
R0835,24,Diesel,46.72,59,Medium,Clear,9547,12.67
R0836,870,Diesel,31.78,46,Medium,Clear,3751,323.01
R0837,97,Petrol,40.58,61,Medium,Clear,7807,39.73
R0838,593,CNG,6.02,75,Low,Clear,8561,198.12
R0839,151,Diesel,20.53,35,Low,Clear,8207,74.23
R0840,620,CNG,19.95,80,Medium,Rainy,6981,189.51
R0841,1085,Electric,44.54,53,Medium,Rainy,6320,35.41
R0842,108,Petrol,9.27,35,Low,Clear,4930,37.09
R0843,421,Electric,9.29,56,Medium,Clear,5079,12.7
R0844,315,Petrol,17.77,47,Medium,Clear,7434,126.31
R0845,635,CNG,4.61,53,Low,Clear,3875,158.59
R0846,819,Petrol,10.76,66,Low,Clear,9404,365.51
R0847,441,Petrol,48.33,85,Low,Clear,748,109.02
R0848,1066,Diesel,22.55,53,High,Clear,9471,560.41
R0849,594,Diesel,32.34,67,Medium,Clear,116,162.24
R0850,162,Diesel,36.85,63,Medium,Clear,8408,80.52
R0851,1012,Petrol,19.61,69,Medium,Foggy,6576,385.82
R0852,684,Diesel,9.07,76,Medium,Clear,6042,296.26
R0853,164,Hybrid,11.92,44,Medium,Rainy,1645,22.92
R0854,1026,CNG,17.04,40,Medium,Foggy,2793,236.26
R0855,522,Petrol,32.53,51,Low,Clear,7699,212.49
R0856,840,Diesel,21.12,83,Medium,Clear,4189,321.81
R0857,123,Electric,2.33,53,Medium,Clear,6359,4.02
R0858,1082,Electric,27.12,30,Medium,Clear,5158,32.8
R0859,217,CNG,46.23,47,Medium,Clear,9568,76.43
R0860,598,Diesel,40.98,73,Low,Rainy,3340,215.39
R0861,410,Petrol,41.61,41,Medium,Clear,5042,141.85
R0862,573,Diesel,40.16,86,Medium,Clear,3888,214.86
R0863,1058,Diesel,17.54,72,High,Rainy,7053,487.14
R0864,497,CNG,38.73,57,Medium,Rainy,471,93.67
R0865,942,CNG,8.87,69,Medium,Clear,7120,290.29
R0866,439,Petrol,33.57,89,Medium,Rainy,7220,173.87
R0867,176,Electric,32.8,36,High,Clear,5802,5.56
R0868,569,Petrol,3.23,52,Medium,Clear,8447,241.42
R0869,1140,Petrol,39.82,50,Medium,Clear,2761,334.59
R0870,1040,Diesel,45.36,63,Medium,Clear,7280,485.22
R0871,1016,Hybrid,14.84,40,Medium,Foggy,6751,204.23
R0872,970,Diesel,40.99,51,High,Clear,8756,491.22
R0873,308,Hybrid,5.96,71,Low,Clear,4978,55.36
R0874,215,Electric,30.8,64,Low,Clear,4415,6.2
R0875,617,Diesel,25.31,81,High,Clear,6258,270.84
R0876,536,Petrol,28.2,58,Medium,Clear,8408,226.93
R0877,884,Electric,46.46,71,Medium,Clear,6574,29.3
R0878,1161,Petrol,43.82,57,Medium,Foggy,1474,306.39
R0879,825,Hybrid,39.68,88,Low,Clear,7493,173.18
R0880,834,Hybrid,15.14,47,Medium,Clear,4503,145.15
R0881,247,Petrol,45.77,43,Medium,Clear,3646,77.52
R0882,235,Petrol,6.68,47,Medium,Clear,4077,76.09
R0883,967,Hybrid,42.96,57,Medium,Clear,9488,226.14
R0884,34,CNG,17.75,53,High,Foggy,3511,8.27
R0885,66,Diesel,4.58,37,Low,Snow,9088,34.01
R0886,343,Diesel,34.13,71,High,Clear,3992,129.58
R0887,863,Petrol,13.1,83,Low,Clear,7424,345.85
R0888,149,Hybrid,13.69,74,Medium,Foggy,8442,32.97
R0889,114,Electric,16.69,82,High,Clear,3349,3.04
R0890,646,CNG,5.06,37,Medium,Clear,211,118.73
R0891,774,Diesel,10.5,33,Medium,Clear,782,225.32
R0892,813,Diesel,2.25,56,Medium,Rainy,1261,247.19
R0893,88,Electric,23.38,65,Medium,Clear,7500,3.08
R0894,30,Diesel,6.04,34,Low,Foggy,2479,10.11
R0895,891,Diesel,34.77,62,High,Rainy,5526,373.51
R0896,569,Diesel,13.31,78,Medium,Clear,8452,283.48
R0897,1177,CNG,47.29,63,Medium,Rainy,1525,244.17
R0898,731,Hybrid,43.82,59,Medium,Foggy,3761,120.71
R0899,42,Diesel,15.89,37,Low,Clear,8569,21.06
R0900,834,Petrol,39.59,68,Low,Clear,9848,380.72
R0901,365,CNG,40.56,76,Medium,Clear,7140,112.61
R0902,321,Hybrid,49.36,55,Medium,Clear,4692,56.59
R0903,382,Diesel,30.7,86,Medium,Clear,7630,181.84
R0904,415,Petrol,5.93,66,High,Clear,3207,126.06
R0905,237,Petrol,33.05,63,Low,Clear,402,56.7
R0906,160,Electric,32.0,36,Medium,Foggy,4633,4.68
R0907,977,Petrol,32.64,69,Low,Clear,2873,289.27
R0908,1004,Diesel,16.74,57,Medium,Clear,7299,468.94
R0909,1012,CNG,43.26,68,Low,Clear,4381,261.96
R0910,847,CNG,48.05,68,High,Clear,4868,226.68
R0911,702,Diesel,12.45,57,Low,Clear,1100,210.39
R0912,1023,Electric,6.23,43,High,Clear,1818,24.18
R0913,375,Diesel,11.34,82,Medium,Clear,7269,174.85
R0914,1027,Petrol,41.39,79,High,Rainy,7461,412.45
R0915,1176,Petrol,34.48,67,Medium,Rainy,3930,376.78
R0916,907,CNG,32.53,33,High,Clear,7254,281.69
R0917,146,Petrol,21.29,71,Low,Rainy,5120,50.77
R0918,1149,Electric,29.74,47,Medium,Rainy,2982,29.83
R0919,1028,CNG,16.78,73,High,Clear,1098,205.36
R0920,623,CNG,24.91,77,Low,Snow,384,116.45
R0921,1033,CNG,40.07,54,Low,Foggy,8712,347.93
R0922,70,CNG,49.1,36,Medium,Clear,2260,15.45
R0923,1072,Diesel,46.76,67,High,Clear,3165,381.05
R0924,798,Petrol,46.83,57,Medium,Clear,1594,212.8
R0925,833,Hybrid,21.31,34,Medium,Clear,4723,147.17
R0926,439,Diesel,24.5,32,Low,Rainy,2643,149.86
R0927,1002,CNG,35.87,73,Low,Clear,4900,268.74
R0928,844,Hybrid,46.27,60,High,Rainy,9013,192.56
R0929,1044,Diesel,8.82,76,Low,Rainy,1501,324.19
R0930,586,CNG,16.6,71,Medium,Rainy,545,111.23
R0931,390,Petrol,8.68,87,High,Rainy,4622,131.16
R0932,955,Petrol,31.38,49,Low,Clear,3867,304.59
R0933,680,Diesel,16.7,48,Medium,Clear,2651,232.27
R0934,988,Diesel,17.65,77,Low,Rainy,5746,420.04
R0935,1180,CNG,5.4,89,Medium,Clear,3988,297.11
R0936,221,Electric,18.79,40,Low,Clear,4916,6.59
R0937,332,CNG,43.4,69,Medium,Foggy,2831,76.68
R0938,136,Petrol,13.19,32,Medium,Rainy,7799,55.68
R0939,956,Diesel,35.37,52,Medium,Clear,2729,328.56
R0940,594,CNG,32.22,36,Medium,Rainy,7787,190.18
R0941,263,Diesel,43.45,52,Low,Rainy,1157,79.23
R0942,556,Hybrid,8.35,36,Medium,Clear,6934,112.98
R0943,94,Electric,48.92,75,Medium,Clear,9049,3.58
R0944,405,CNG,29.97,63,Medium,Foggy,1895,86.71
R0945,494,Hybrid,49.78,71,Low,Clear,9935,118.17
R0946,437,Diesel,45.75,48,Medium,Clear,4949,176.38
R0947,366,CNG,12.63,87,Low,Clear,8315,120.66
R0948,659,Diesel,4.7,38,Medium,Rainy,9531,347.52
R0949,958,Hybrid,14.27,77,Low,Clear,4250,163.82
R0950,974,Diesel,27.32,80,Medium,Clear,9596,515.34
R0951,895,CNG,10.24,47,Low,Clear,7047,274.63
R0952,782,Electric,10.04,70,High,Snow,6570,25.92
R0953,683,Diesel,24.2,77,High,Clear,7279,318.64
R0954,44,Petrol,3.6,74,Low,Clear,3812,13.98
R0955,729,CNG,7.85,71,Medium,Foggy,5558,204.15
R0956,196,Petrol,21.96,54,Low,Clear,5415,69.49
R0957,304,Diesel,5.03,81,Medium,Snow,5481,127.07
R0958,82,Diesel,21.04,43,Medium,Foggy,9597,43.39
R0959,1022,Diesel,24.75,73,Medium,Foggy,3274,366.28
R0960,681,Electric,23.66,54,Medium,Clear,6487,22.46
R0961,685,Petrol,43.72,48,Low,Rainy,9073,300.5
R0962,175,Diesel,27.44,68,Medium,Rainy,6867,79.7
R0963,1092,Petrol,24.46,84,Low,Snow,666,267.89
R0964,986,Petrol,21.71,44,Medium,Clear,4722,333.87
R0965,868,Diesel,41.25,45,Medium,Rainy,4232,333.54
R0966,1127,Petrol,44.96,56,Medium,Clear,8930,490.68
R0967,708,Diesel,42.96,69,Low,Clear,7095,326.79
R0968,167,Diesel,34.33,39,Medium,Clear,4267,64.33
R0969,361,CNG,8.59,33,Medium,Rainy,2770,82.98
R0970,495,Diesel,15.29,80,Low,Clear,9464,260.14
R0971,1106,CNG,4.21,48,Medium,Clear,8396,366.23
R0972,580,Petrol,46.68,57,High,Snow,1782,157.17
R0973,346,Petrol,33.72,50,High,Clear,9154,152.43
R0974,1184,CNG,37.83,88,Medium,Rainy,8590,396.19
R0975,1009,Petrol,16.96,76,Medium,Clear,870,252.26
R0976,234,Electric,42.59,43,Low,Clear,9754,9.24
R0977,454,CNG,14.46,62,High,Rainy,3954,114.03
R0978,971,Petrol,2.08,77,Low,Foggy,3218,295.2
R0979,742,Electric,20.07,39,High,Clear,2232,18.15
R0980,51,CNG,29.4,48,Medium,Rainy,7325,15.9
R0981,689,Diesel,24.98,59,Medium,Clear,1090,206.31
R0982,304,Diesel,43.38,51,High,Clear,810,88.73
R0983,448,Diesel,7.06,32,Low,Clear,4404,174.23
R0984,305,Electric,28.58,66,Medium,Clear,5467,9.43
R0985,1187,CNG,26.62,70,Medium,Clear,138,216.61
R0986,1062,Hybrid,15.51,47,Low,Clear,1375,144.96
R0987,37,CNG,41.47,40,Medium,Clear,7169,11.43
R0988,788,Petrol,38.14,77,Medium,Clear,4957,271.08
R0989,609,Diesel,37.18,31,Medium,Clear,1536,189.69
R0990,1029,CNG,44.06,41,Low,Clear,9761,366.01
R0991,213,Petrol,36.69,83,High,Foggy,2199,59.76
R0992,521,Hybrid,13.13,35,Low,Rainy,8665,116.69
R0993,1007,Diesel,35.87,72,Low,Clear,7793,483.77
R0994,1156,Petrol,16.77,88,Low,Foggy,4351,381.56
R0995,133,CNG,13.62,69,Low,Rainy,4125,33.82
R0996,966,CNG,5.5,73,Low,Clear,9405,337.41
R0997,850,Petrol,37.71,58,High,Clear,6312,318.9
R0998,944,CNG,36.13,88,Medium,Rainy,3334,226.57
R0999,74,Diesel,13.26,59,Low,Clear,9557,39.07
R1000,819,CNG,37.97,31,Low,Rainy,7762,261.85
R1001,797,CNG,46.06,38,Medium,Rainy,7650,253.21
R1002,181,Electric,7.19,76,High,Rainy,3223,4.79
R1003,106,Electric,13.17,31,Low,Snow,753,2.28
R1004,74,Diesel,38.01,58,Low,Clear,4258,28.49
R1005,1051,Diesel,15.18,62,Low,Clear,8800,533.49
R1006,852,Hybrid,31.98,39,Low,Foggy,9979,204.27
R1007,332,Petrol,5.9,63,Low,Clear,5643,119.45
R1008,778,Hybrid,23.71,73,Medium,Rainy,9680,183.73
R1009,462,Diesel,37.48,84,Low,Snow,2297,153.39
R1010,347,CNG,34.95,37,Medium,Rainy,4011,87.51
R1011,1097,Electric,41.12,66,Low,Clear,5335,33.64
R1012,780,Hybrid,44.12,83,High,Clear,4899,139.45
R1013,598,Diesel,39.11,89,High,Clear,8807,303.66
R1014,1094,CNG,34.24,62,Medium,Clear,5460,304.44
R1015,1026,Petrol,3.52,76,Medium,Rainy,8321,432.34
R1016,115,Diesel,27.68,35,Medium,Rainy,425,32.37
R1017,1131,CNG,3.81,73,Medium,Rainy,3866,282.28
R1018,1121,CNG,40.79,69,Medium,Clear,4211,286.75
R1019,1163,Hybrid,17.39,74,Medium,Clear,8402,256.82
R1020,833,Petrol,29.0,48,High,Rainy,7115,327.91
R1021,510,Diesel,15.41,61,High,Clear,6956,233.48
R1022,471,Diesel,39.56,56,Medium,Clear,206,129.79
R1023,184,Petrol,44.55,30,Medium,Rainy,2526,53.01
R1024,201,Diesel,21.13,72,Low,Rainy,4478,78.57
R1025,488,CNG,43.42,81,Low,Clear,4464,127.05
R1026,929,Petrol,14.82,62,Medium,Foggy,2631,269.89
R1027,754,Hybrid,27.66,69,Low,Clear,6910,153.0
R1028,842,Hybrid,43.22,61,High,Snow,5416,155.76
R1029,963,CNG,17.64,34,Low,Clear,5462,268.02
R1030,26,Hybrid,47.79,46,Medium,Clear,4793,4.62
R1031,349,CNG,7.85,37,Medium,Foggy,9090,119.92
R1032,794,Petrol,2.88,86,Medium,Clear,5368,280.65
R1033,170,Diesel,45.4,71,Medium,Rainy,2111,55.59
R1034,1128,Petrol,5.3,63,High,Foggy,525,273.06
R1035,166,Petrol,49.61,38,Medium,Foggy,3144,50.18
R1036,934,Electric,47.67,85,Medium,Snow,6329,30.5
R1037,719,Petrol,8.58,52,Low,Clear,1339,187.51
R1038,101,Electric,27.8,64,Medium,Rainy,6666,3.37
R1039,533,CNG,10.88,79,High,Clear,3491,129.43
R1040,834,Diesel,22.55,36,Medium,Clear,4313,322.3
R1041,728,Hybrid,4.95,44,High,Foggy,4097,123.15
R1042,765,Petrol,12.75,82,Medium,Clear,3106,230.6
R1043,1042,Petrol,19.44,83,Low,Clear,7125,410.42
R1044,726,CNG,23.06,49,Low,Clear,3139,171.7
R1045,490,Diesel,48.92,79,Medium,Rainy,6658,220.39
R1046,1162,CNG,40.78,54,Medium,Snow,8890,395.1
R1047,415,Petrol,37.4,32,Medium,Clear,1284,107.71
R1048,280,Petrol,27.78,89,Low,Clear,2684,81.68
R1049,824,Hybrid,42.32,84,Medium,Foggy,8202,179.98
R1050,953,Petrol,18.29,75,Medium,Clear,7216,377.36
R1051,924,Diesel,36.03,53,Medium,Clear,4483,361.32
R1052,1096,Petrol,49.7,63,Low,Clear,4036,353.82
R1053,959,Hybrid,17.1,75,Low,Clear,1799,135.78
R1054,873,Diesel,34.35,51,Low,Clear,4607,344.3
R1055,612,Diesel,42.53,40,Low,Foggy,235,169.12
R1056,733,Diesel,45.96,77,Low,Clear,2125,239.97
R1057,651,Diesel,36.46,37,Low,Foggy,3635,239.66
R1058,78,Electric,15.61,68,Medium,Foggy,4954,2.33
R1059,147,CNG,17.66,72,Medium,Rainy,5467,40.93
R1060,755,Petrol,3.0,64,High,Clear,2990,225.57
R1061,740,CNG,38.52,78,Low,Clear,2857,171.26
R1062,1158,Petrol,4.05,75,Medium,Clear,3873,369.49
R1063,545,Hybrid,43.5,67,Medium,Foggy,8672,122.11
R1064,540,Hybrid,7.7,37,Low,Clear,6752,108.55
R1065,571,Petrol,10.25,83,High,Clear,1628,152.71
R1066,256,Electric,24.87,66,Low,Clear,4671,7.51
R1067,513,CNG,37.42,56,High,Clear,5149,139.89
R1068,23,Diesel,8.67,57,High,Clear,948,6.8
R1069,685,Diesel,23.12,69,Medium,Clear,4227,263.13
R1070,461,Petrol,25.18,63,Medium,Clear,7451,185.03
R1071,48,CNG,12.19,61,Medium,Clear,5966,13.79
R1072,1152,Hybrid,7.55,44,Medium,Clear,5969,220.76
R1073,629,CNG,42.15,73,Medium,Rainy,2221,138.37
R1074,824,Electric,26.12,46,Low,Clear,4781,24.36
R1075,94,CNG,2.69,62,Low,Clear,572,17.89
R1076,857,Electric,40.54,76,Medium,Clear,1887,20.37
R1077,1189,CNG,49.08,75,Medium,Clear,213,218.58
R1078,147,Petrol,31.08,81,High,Foggy,9628,66.36
R1079,61,Petrol,26.18,83,Low,Clear,6573,23.25
R1080,60,Electric,44.16,45,High,Rainy,8630,2.24
R1081,953,Diesel,47.72,58,Low,Foggy,2385,318.68
R1082,53,Electric,38.22,38,Medium,Foggy,1296,1.2
R1083,1060,Diesel,23.38,62,Medium,Clear,178,291.29
R1084,1196,Petrol,30.43,89,Medium,Clear,4659,403.24
R1085,1017,Electric,35.64,78,Low,Rainy,6117,32.78
R1086,607,Diesel,11.33,58,Medium,Clear,2752,208.99
R1087,361,Diesel,23.47,42,High,Foggy,4418,140.53
R1088,46,Petrol,41.83,50,Medium,Rainy,5485,16.38
R1089,665,Electric,33.43,87,Medium,Rainy,9548,26.0
R1090,750,Diesel,21.74,50,High,Clear,7154,347.37
R1091,187,Hybrid,33.84,34,Medium,Rainy,927,24.52
R1092,629,Diesel,7.67,39,Medium,Rainy,5023,255.14
R1093,287,Hybrid,21.27,35,Low,Foggy,3485,46.44
R1094,840,Hybrid,40.07,85,High,Clear,6156,162.85
R1095,474,Petrol,12.58,80,Medium,Clear,2065,131.53
R1096,925,Petrol,10.93,86,Low,Clear,2527,266.51
R1097,941,Petrol,47.64,42,Low,Clear,2941,280.08
R1098,1000,CNG,12.08,30,High,Clear,8905,340.29
R1099,721,Diesel,14.52,49,Low,Foggy,8854,367.03
R1100,653,Diesel,48.54,86,High,Clear,6663,293.79
R1101,149,Diesel,37.27,76,Low,Foggy,5940,64.13
R1102,1039,Petrol,35.58,75,Medium,Clear,7910,428.0
R1103,838,Diesel,42.94,37,Medium,Clear,6164,365.73
R1104,712,CNG,7.56,39,Medium,Clear,7244,221.0
R1105,813,Hybrid,35.89,38,High,Clear,4452,140.99
R1106,48,Petrol,26.18,78,Medium,Foggy,284,11.35
R1107,168,Petrol,41.8,70,Medium,Clear,5909,61.47
R1108,30,Petrol,26.39,32,Low,Rainy,4165,9.77
R1109,695,Electric,31.77,40,Low,Clear,7281,24.02
R1110,1156,Hybrid,24.93,41,Low,Foggy,8537,257.15
R1111,206,Electric,24.95,39,Medium,Clear,7604,7.25
R1112,826,Hybrid,38.86,54,Low,Clear,7526,173.72
R1113,763,Diesel,32.17,78,Low,Clear,9157,394.65
R1114,117,Electric,32.4,78,Medium,Clear,2187,2.85
R1115,74,CNG,23.61,54,Medium,Clear,700,14.25
R1116,642,Diesel,27.49,40,Medium,Foggy,7904,310.35
R1117,683,Hybrid,37.79,83,Low,Rainy,5637,128.16
R1118,777,Diesel,41.65,65,Low,Rainy,3133,275.52
R1119,425,CNG,35.43,68,High,Clear,2156,92.99
R1120,88,Diesel,46.36,82,Low,Clear,8824,44.73
R1121,770,Petrol,41.38,55,High,Clear,5184,268.91
R1122,1191,CNG,28.97,43,High,Snow,2142,260.3
R1123,977,Petrol,34.23,68,Medium,Foggy,8060,405.83
R1124,384,Petrol,46.46,85,Low,Foggy,457,92.36
R1125,501,Diesel,31.72,69,High,Foggy,477,141.72
R1126,220,Electric,41.59,30,Medium,Clear,4588,6.42
R1127,173,Diesel,35.06,85,Medium,Clear,4897,69.58
R1128,92,Petrol,28.49,83,Medium,Clear,3407,28.37
R1129,732,Hybrid,13.61,33,Low,Clear,2696,111.52
R1130,315,Electric,22.45,59,Low,Clear,883,6.86
R1131,1060,Petrol,48.45,41,Medium,Clear,6024,390.67
R1132,80,CNG,33.57,85,Medium,Rainy,2479,17.97
R1133,958,Electric,29.09,64,Medium,Foggy,7931,34.36
R1134,61,Electric,46.78,42,Medium,Rainy,9274,2.35
R1135,44,Petrol,30.15,81,Medium,Foggy,9334,19.57
R1136,1082,Diesel,27.25,60,Medium,Clear,5367,448.93
R1137,150,Diesel,38.45,67,High,Clear,7738,71.84
R1138,127,Diesel,36.21,72,Low,Rainy,2638,43.34
R1139,191,Petrol,11.27,52,Medium,Clear,961,48.15
R1140,121,Diesel,24.62,33,Low,Clear,1976,39.13
R1141,885,CNG,24.68,81,Medium,Clear,3626,217.06
R1142,543,Petrol,20.15,45,Medium,Clear,9977,249.49
R1143,294,Diesel,26.83,36,High,Clear,1722,93.05
R1144,1087,Electric,21.83,51,Low,Clear,5618,33.95
R1145,836,Petrol,11.57,58,High,Clear,2757,245.29
R1146,976,Diesel,21.79,40,Low,Rainy,2032,317.07
R1147,1060,Electric,5.47,85,Medium,Clear,8799,39.85
R1148,349,Diesel,29.64,62,Low,Clear,3578,127.95
R1149,31,CNG,42.98,87,High,Clear,2756,7.12
R1150,235,CNG,36.81,58,Medium,Clear,9413,82.12
R1151,358,Petrol,19.3,88,Medium,Rainy,389,85.54
R1152,680,Electric,6.18,68,High,Rainy,7111,23.27
R1153,1124,Petrol,11.7,41,Low,Rainy,5958,412.55
R1154,393,Petrol,28.18,36,Low,Clear,7423,157.49
R1155,995,Diesel,11.94,88,High,Clear,2929,347.34
R1156,729,Diesel,28.11,84,Medium,Clear,6062,316.15
R1157,485,Hybrid,13.12,68,Low,Clear,4912,86.79
R1158,1132,Petrol,42.75,71,Medium,Clear,7364,452.09
R1159,508,Petrol,21.07,77,Medium,Clear,9692,230.08
R1160,66,Petrol,13.79,55,Low,Clear,8858,28.63
R1161,797,Petrol,40.99,69,Low,Rainy,1573,212.14
R1162,1059,Diesel,18.46,38,Low,Clear,2087,345.6
R1163,730,Petrol,7.35,70,Medium,Rainy,7773,298.41
R1164,420,CNG,29.38,63,High,Clear,3360,101.0
R1165,1000,Diesel,29.92,74,High,Clear,7590,474.93
R1166,1129,Diesel,36.31,42,Medium,Snow,6839,513.3
R1167,269,Diesel,13.53,84,Low,Snow,3351,96.97
R1168,410,Petrol,23.3,84,High,Clear,6005,150.93
R1169,354,Electric,15.55,65,Medium,Clear,5400,10.9
R1170,648,Diesel,5.89,54,Low,Clear,5154,265.13
R1171,156,Diesel,44.08,53,High,Clear,1816,49.77
R1172,902,Diesel,36.99,73,Medium,Foggy,9304,470.13
R1173,707,CNG,16.47,46,Medium,Snow,1410,145.2
R1174,846,CNG,30.77,31,Medium,Rainy,717,163.2
R1175,746,Petrol,11.66,42,Low,Clear,4357,246.34
R1176,613,CNG,44.73,60,Low,Rainy,6199,178.74
R1177,1009,CNG,7.52,58,Medium,Clear,568,191.94
R1178,391,Electric,2.18,79,Low,Foggy,6005,12.52
R1179,954,Electric,26.1,57,Medium,Foggy,1239,21.44
R1180,1014,Diesel,29.99,89,Medium,Clear,9728,540.11
R1181,421,Diesel,29.79,56,Medium,Clear,8828,214.02
R1182,634,Diesel,4.62,44,Medium,Clear,1051,189.17
R1183,1195,Diesel,17.07,60,Medium,Clear,8112,584.38
R1184,1014,Hybrid,25.96,69,High,Foggy,3106,159.47
R1185,639,Petrol,12.4,44,Medium,Clear,6175,237.72
R1186,207,Diesel,43.89,62,Low,Clear,7990,100.55
R1187,1141,CNG,6.18,49,Low,Clear,6052,329.68
R1188,150,Petrol,25.39,71,Medium,Foggy,7177,59.26
R1189,824,Diesel,35.19,41,Low,Clear,9142,425.87
R1190,955,Petrol,14.56,66,Low,Foggy,2071,265.14
R1191,1005,Petrol,31.96,38,Low,Foggy,1291,260.99
R1192,202,CNG,41.81,52,Medium,Foggy,4020,50.98
R1193,1002,Diesel,11.14,37,High,Clear,7865,483.32
R1194,383,Diesel,46.03,61,Low,Clear,6293,168.49
R1195,58,Petrol,28.57,77,Medium,Clear,3146,17.54
R1196,516,Diesel,16.36,43,Medium,Clear,404,144.95
R1197,1001,CNG,22.68,56,Low,Clear,6439,296.2
R1198,940,Petrol,16.99,54,High,Rainy,8143,392.25
R1199,741,Petrol,36.81,42,Medium,Clear,5008,255.78
R1200,35,Hybrid,40.22,84,Medium,Foggy,2904,5.42
R1201,512,CNG,41.98,50,Medium,Clear,4036,129.36
R1202,1151,Diesel,49.32,74,Low,Rainy,812,336.0
R1203,913,Petrol,39.98,60,Medium,Rainy,6948,355.89
R1204,330,CNG,30.87,66,Low,Rainy,9973,118.64
R1205,758,CNG,18.28,77,High,Foggy,9625,267.76
R1206,565,Diesel,28.14,87,Medium,Rainy,8466,281.7
R1207,433,Hybrid,3.97,72,Medium,Foggy,3305,69.13
R1208,270,Petrol,37.75,83,Low,Clear,5285,94.92
R1209,778,Diesel,23.41,34,Medium,Clear,9708,413.99
R1210,1184,Diesel,2.96,42,Medium,Clear,6606,530.86
R1211,1082,Diesel,5.0,57,Medium,Clear,1872,346.83
R1212,833,Electric,20.6,72,Medium,Clear,1174,18.62
R1213,48,Diesel,30.0,54,Medium,Clear,5547,20.15
R1214,977,Diesel,24.28,80,High,Clear,8883,498.11
R1215,496,Electric,31.72,64,Medium,Clear,5364,15.24
R1216,337,Diesel,25.05,76,High,Clear,7422,158.52
R1217,264,Diesel,33.76,68,High,Foggy,6751,119.4
R1218,767,Diesel,12.52,36,Medium,Clear,2510,259.07
R1219,716,Diesel,7.42,67,Low,Rainy,9139,370.0
R1220,291,Diesel,30.63,61,Medium,Clear,6541,129.96
R1221,396,CNG,25.27,32,High,Foggy,8785,133.9
R1222,285,Diesel,3.29,74,Low,Foggy,8837,144.95
R1223,945,Diesel,20.26,68,Medium,Rainy,9832,506.01
R1224,940,CNG,7.09,66,High,Rainy,9175,324.44
R1225,359,CNG,27.51,84,Medium,Clear,4056,90.83
R1226,408,Petrol,21.0,79,Medium,Snow,6653,156.27
R1227,596,Petrol,31.43,51,Low,Foggy,6969,232.61
R1228,22,Diesel,40.67,37,Low,Foggy,7631,10.47
R1229,1185,Petrol,16.38,46,Medium,Rainy,3194,359.6
R1230,395,Petrol,48.18,81,Low,Clear,2465,113.24
R1231,343,Petrol,27.71,56,Low,Foggy,6768,132.28
R1232,165,Hybrid,31.68,62,High,Clear,5100,29.9
R1233,312,Diesel,34.67,75,Medium,Clear,8020,151.8
R1234,451,CNG,34.0,46,High,Clear,3447,109.16
R1235,724,Diesel,26.53,71,High,Foggy,3775,269.27
R1236,968,CNG,22.58,41,Low,Clear,1052,192.57
R1237,604,CNG,4.58,77,Low,Clear,3400,145.68
R1238,418,Electric,3.06,75,Medium,Clear,3279,11.1
R1239,836,Diesel,19.18,56,Medium,Rainy,3347,301.27
R1240,983,Petrol,18.02,77,Low,Rainy,4515,328.17
R1241,1183,Petrol,20.61,37,Medium,Clear,3457,366.15
R1242,206,CNG,8.64,52,Low,Clear,6572,61.45
R1243,80,Petrol,37.43,89,High,Rainy,6096,29.62
R1244,958,Petrol,43.13,71,Low,Snow,4948,329.36
R1245,729,Petrol,47.06,78,Low,Foggy,5575,261.15
R1246,826,Diesel,25.63,88,Low,Clear,1137,248.38
R1247,30,Petrol,35.64,58,High,Foggy,8362,12.67
R1248,1105,Diesel,43.07,79,Medium,Clear,7108,510.42
R1249,245,Hybrid,22.08,49,High,Clear,6031,47.13
R1250,1196,CNG,16.85,45,Medium,Clear,5742,338.89
R1251,583,Hybrid,46.96,46,Medium,Clear,205,71.39
R1252,791,Diesel,26.75,45,Low,Rainy,869,232.13
R1253,904,Electric,25.87,48,Medium,Clear,3040,23.58
R1254,1150,Electric,10.56,85,Medium,Clear,7999,41.4
R1255,245,CNG,7.19,85,Medium,Clear,6714,73.71
R1256,844,CNG,42.42,37,Low,Clear,5905,241.63
R1257,237,Diesel,31.48,67,High,Clear,4455,92.5
R1258,956,Electric,17.64,67,Low,Clear,1033,21.1
R1259,772,Petrol,11.2,82,High,Clear,8866,334.98
R1260,525,Diesel,28.66,58,Low,Rainy,5760,223.4
R1261,278,Diesel,30.03,70,Medium,Rainy,6006,120.14
R1262,73,Hybrid,11.94,65,Medium,Rainy,6150,14.15
R1263,1090,Electric,42.87,55,Medium,Clear,8361,40.03
R1264,746,Hybrid,6.04,60,Medium,Foggy,4574,130.47
R1265,708,CNG,19.09,73,Medium,Foggy,9594,249.71
R1266,1142,Diesel,34.66,89,Medium,Foggy,354,319.26
R1267,1063,Diesel,15.16,41,Medium,Rainy,9999,573.99
R1268,438,Diesel,41.73,84,Medium,Clear,7187,203.25
R1269,709,Diesel,37.51,46,High,Snow,4887,284.98
R1270,869,Petrol,39.87,44,Low,Clear,7962,359.01
R1271,81,Diesel,7.72,38,Medium,Clear,9125,41.83
R1272,1188,Petrol,8.75,68,Medium,Clear,6456,449.64
R1273,235,Hybrid,15.75,71,Medium,Clear,3842,39.03
R1274,22,Petrol,26.87,77,Medium,Snow,2135,6.14
R1275,179,Electric,37.9,41,Medium,Clear,2067,4.32
R1276,800,CNG,42.15,61,Low,Clear,8391,264.83
R1277,1163,Diesel,35.81,54,Low,Rainy,1952,375.3
R1278,912,Petrol,46.57,68,Low,Clear,3283,278.62
R1279,1132,Diesel,37.46,47,Medium,Clear,6718,510.97
R1280,348,Diesel,16.7,44,Medium,Rainy,8403,172.91
R1281,599,CNG,14.72,61,High,Rainy,282,110.86
R1282,971,Diesel,35.42,35,Medium,Clear,6840,441.49
R1283,654,Diesel,11.26,87,Low,Rainy,264,181.24
R1284,1007,Petrol,6.45,73,High,Clear,7058,395.08
R1285,940,Hybrid,27.55,72,High,Clear,2237,138.03
R1286,757,CNG,41.44,81,Medium,Clear,554,143.81
R1287,189,CNG,6.87,64,Medium,Clear,2385,42.13
R1288,540,Diesel,40.01,63,High,Foggy,7946,261.65
R1289,59,CNG,40.96,67,Medium,Foggy,4922,15.85
R1290,974,CNG,25.15,85,High,Clear,641,186.56
R1291,1003,CNG,4.75,83,Low,Clear,6133,291.27
R1292,1167,Hybrid,10.38,86,Low,Rainy,2765,178.76
R1293,994,Diesel,35.96,34,Medium,Clear,7249,462.93
R1294,57,Hybrid,36.17,47,Medium,Clear,5898,10.87
R1295,347,Hybrid,45.12,45,High,Snow,5885,66.15
R1296,933,Diesel,29.97,37,High,Rainy,4714,370.66
R1297,473,Petrol,7.96,54,Medium,Snow,4392,156.57
R1298,56,Hybrid,7.83,61,Low,Clear,6289,10.95
R1299,992,Diesel,36.61,55,High,Rainy,6773,449.25
R1300,815,Petrol,10.82,81,Medium,Clear,1788,220.97
R1301,992,Hybrid,17.76,51,Low,Clear,5195,180.88
R1302,612,Petrol,25.39,60,Medium,Clear,7683,248.91
R1303,1157,Diesel,3.19,72,Medium,Clear,7924,559.93
R1304,1083,Petrol,13.94,39,Medium,Clear,1737,292.36
R1305,243,Diesel,21.58,85,Medium,Clear,6066,105.41
R1306,337,Petrol,15.42,86,Medium,Clear,4770,114.48
R1307,368,Diesel,8.55,41,High,Rainy,5303,152.05
R1308,134,CNG,36.94,82,Medium,Clear,5234,36.74
R1309,717,Petrol,41.03,57,Medium,Clear,1990,197.73
R1310,1083,CNG,14.36,35,Low,Clear,3305,259.37
R1311,59,CNG,39.17,88,Medium,Clear,8769,19.93
R1312,235,Petrol,20.51,49,Low,Rainy,2466,67.38
R1313,1190,CNG,26.32,34,Low,Clear,7659,378.26
R1314,355,Diesel,43.09,52,Medium,Rainy,2626,121.02
R1315,111,Petrol,38.0,38,Low,Clear,7907,45.72
R1316,372,Diesel,40.65,87,Medium,Clear,466,105.12
R1317,590,Hybrid,8.57,88,Low,Foggy,6621,117.68
R1318,835,Diesel,5.35,58,Medium,Rainy,6706,376.64
R1319,800,Petrol,44.88,45,Low,Clear,112,186.06
R1320,382,CNG,20.62,83,Low,Foggy,8827,129.45
R1321,576,Petrol,15.82,75,Low,Clear,3339,176.72
R1322,375,Diesel,36.79,51,High,Foggy,2417,125.72
R1323,210,Petrol,42.15,37,High,Rainy,4142,68.31
R1324,441,CNG,43.4,88,Low,Rainy,7585,139.59
R1325,719,CNG,17.17,49,Medium,Snow,475,135.57
R1326,26,Petrol,42.91,80,Medium,Clear,356,6.19
R1327,152,Petrol,3.96,43,High,Rainy,549,36.88
R1328,576,Petrol,4.38,68,Medium,Clear,9185,254.16
R1329,845,CNG,31.93,66,Medium,Clear,3312,202.48
R1330,780,Petrol,5.03,79,Low,Clear,9476,349.4
R1331,1074,Petrol,17.58,63,Medium,Clear,6275,402.03
R1332,554,Diesel,34.29,40,High,Rainy,6043,239.97
R1333,445,Diesel,18.19,83,Medium,Clear,8126,217.78
R1334,691,Diesel,10.62,69,Low,Clear,7546,327.36
R1335,382,Diesel,15.5,62,Low,Clear,1408,117.66
R1336,101,Petrol,23.96,60,Medium,Clear,9208,44.62
R1337,375,CNG,24.82,88,Medium,Foggy,8439,124.46
R1338,608,Diesel,39.58,83,Medium,Clear,4116,231.73
R1339,314,Hybrid,38.01,73,High,Rainy,4040,52.9
R1340,1089,Diesel,23.93,63,Low,Rainy,6813,494.35
R1341,1156,CNG,42.59,79,Medium,Rainy,4171,294.87
R1342,36,CNG,7.48,36,High,Clear,8207,11.8
R1343,379,Petrol,14.26,87,Medium,Foggy,6012,139.58
R1344,885,Diesel,41.74,78,Low,Clear,542,251.9
R1345,719,CNG,20.14,83,Medium,Foggy,3044,168.82
R1346,467,Petrol,49.1,52,High,Clear,4036,150.76
R1347,875,Hybrid,24.38,75,Low,Clear,498,110.23
R1348,384,Petrol,40.01,85,High,Clear,9443,171.72
R1349,694,Hybrid,21.31,36,Medium,Rainy,3095,109.06
R1350,1027,Diesel,22.4,83,Low,Clear,6429,455.56
R1351,486,CNG,20.38,54,Medium,Clear,2316,107.74
R1352,433,CNG,36.52,32,Medium,Clear,1807,92.02
R1353,605,CNG,28.28,88,Medium,Foggy,5866,172.78
R1354,1013,Diesel,47.3,67,Medium,Foggy,5777,431.52
R1355,591,CNG,14.04,49,High,Clear,2668,134.76
R1356,354,Petrol,6.83,63,Low,Rainy,7738,144.42
R1357,56,CNG,20.88,78,Medium,Clear,260,10.34
R1358,1008,Diesel,31.6,73,Medium,Clear,8167,494.43
R1359,297,Electric,43.32,73,Medium,Foggy,4004,8.32
R1360,935,Diesel,18.62,59,Medium,Clear,3673,345.17
R1361,503,Electric,33.38,46,Low,Clear,1925,12.0
R1362,750,Electric,18.81,88,Medium,Clear,9915,29.87
R1363,211,Electric,31.63,39,Medium,Clear,5682,6.62
R1364,1060,Petrol,44.47,64,Low,Clear,1276,274.91
R1365,543,Petrol,13.11,49,High,Clear,5018,187.56
R1366,937,Hybrid,21.4,47,High,Clear,4980,168.44
R1367,420,Diesel,49.68,74,Medium,Clear,3320,151.05
R1368,905,Petrol,43.69,73,Low,Clear,7920,373.0
R1369,724,CNG,29.1,56,Medium,Clear,230,133.32
R1370,41,CNG,26.8,88,Low,Clear,6759,12.37
R1371,493,Diesel,15.66,88,Low,Rainy,3662,181.85
R1372,1163,CNG,26.83,78,Medium,Clear,1599,242.81
R1373,229,Electric,42.71,65,Low,Rainy,7530,8.03
R1374,325,Diesel,34.89,52,Low,Rainy,7805,156.24
R1375,723,Hybrid,15.92,61,Low,Rainy,7726,153.79
R1376,706,Diesel,11.67,39,Low,Clear,6779,319.84
R1377,304,Petrol,14.73,40,Low,Clear,2888,90.11
R1378,735,Diesel,10.15,67,High,Clear,4976,297.2
R1379,782,Diesel,6.59,35,Low,Rainy,3808,291.54
R1380,967,Hybrid,22.12,88,Low,Clear,9999,232.07
R1381,400,Petrol,7.44,70,Low,Foggy,1869,109.19
R1382,479,Petrol,10.25,76,High,Foggy,9610,216.04
R1383,1050,Diesel,28.27,63,Medium,Clear,6831,477.16
R1384,48,Petrol,9.9,65,Medium,Clear,3144,14.51
R1385,926,Petrol,5.07,66,High,Rainy,475,223.1
R1386,1076,Petrol,17.23,46,Medium,Clear,6447,407.03
R1387,898,Diesel,12.58,69,Medium,Clear,3136,318.5
R1388,98,Electric,26.73,69,Low,Foggy,8952,3.71
R1389,966,Petrol,6.91,83,Medium,Clear,6318,362.55
R1390,478,Petrol,38.08,41,Medium,Foggy,9695,216.53
R1391,589,Diesel,45.5,50,Medium,Rainy,840,172.39
R1392,757,CNG,37.68,69,Low,Rainy,8595,253.38
R1393,535,Petrol,27.58,48,Medium,Clear,1185,137.63
R1394,1142,Petrol,43.31,32,Low,Clear,1310,297.07
R1395,416,Diesel,35.36,47,Low,Clear,8520,208.02
R1396,58,Hybrid,2.51,82,Medium,Clear,3219,9.2
R1397,906,Diesel,20.92,80,High,Clear,367,253.6
R1398,816,CNG,42.85,48,Medium,Clear,2874,189.09
R1399,176,Petrol,18.6,76,Medium,Clear,4449,58.49
R1400,1118,Diesel,3.69,35,Low,Clear,5065,454.75
R1401,903,CNG,37.82,45,Low,Rainy,8225,296.23
R1402,1173,Diesel,40.5,37,Low,Clear,3559,429.43
R1403,993,Electric,9.71,77,Medium,Clear,1089,22.02
R1404,1127,Hybrid,27.79,47,Low,Rainy,1037,149.26
R1405,1065,Electric,11.21,81,Low,Snow,6754,35.69
R1406,868,Diesel,36.52,77,Medium,Clear,7089,400.5
R1407,767,CNG,15.03,72,Low,Clear,8731,258.6
R1408,1008,Petrol,17.18,68,Medium,Clear,7442,404.38
R1409,40,Electric,42.56,78,Medium,Foggy,6123,1.29
R1410,322,CNG,24.86,78,Medium,Rainy,2458,72.21
R1411,888,Electric,34.15,41,Medium,Rainy,3445,23.88
R1412,103,Petrol,21.31,74,Medium,Clear,6460,38.99
R1413,589,Petrol,16.3,39,Low,Clear,4916,202.07
R1414,953,Diesel,32.02,36,Medium,Clear,3843,356.19
R1415,1028,CNG,9.43,75,High,Rainy,7259,319.36
R1416,812,Petrol,19.9,84,Low,Rainy,618,198.3
R1417,811,Petrol,12.03,30,Low,Snow,368,193.39
R1418,511,CNG,35.4,78,High,Clear,5544,142.97
R1419,227,Petrol,47.32,65,Medium,Clear,5575,81.32
R1420,1103,Diesel,49.78,50,Medium,Clear,4285,425.42
R1421,449,Petrol,23.61,66,Medium,Rainy,5261,157.6
R1422,1004,Petrol,14.12,81,Low,Rainy,9680,454.45
R1423,539,Petrol,23.26,53,Medium,Clear,9986,247.77
R1424,610,Diesel,42.67,84,Medium,Clear,9681,324.15
R1425,1070,Diesel,11.89,54,Low,Clear,3965,403.45
R1426,218,Diesel,47.7,36,Medium,Clear,8111,106.6
R1427,406,CNG,18.41,71,Medium,Foggy,2435,90.87
R1428,368,Diesel,49.32,46,Medium,Clear,3774,136.86
R1429,979,Petrol,42.25,58,Low,Rainy,4676,330.46
R1430,712,Hybrid,40.81,59,Medium,Clear,600,90.57
R1431,397,Diesel,17.26,36,Medium,Rainy,9953,213.88
R1432,918,Petrol,2.42,62,Medium,Clear,8183,383.92
R1433,935,CNG,20.34,36,Medium,Foggy,8394,309.57
R1434,546,Hybrid,16.49,87,Low,Clear,5643,102.49
R1435,1196,CNG,3.8,53,Medium,Clear,2846,276.55
R1436,753,CNG,26.26,40,Medium,Clear,3376,181.3
R1437,225,Electric,21.35,38,Low,Clear,3185,5.93
R1438,474,Petrol,32.46,41,Medium,Clear,5835,172.63
R1439,540,Electric,31.82,64,Medium,Clear,7896,19.33
R1440,1036,Diesel,7.8,33,Medium,Snow,6713,467.5
R1441,975,Hybrid,48.89,65,Low,Clear,1427,133.7
R1442,745,Petrol,10.97,57,Medium,Rainy,7872,306.24
R1443,1033,Petrol,23.37,86,High,Snow,9971,474.49
R1444,520,Diesel,25.43,42,Medium,Clear,3846,194.4
R1445,136,CNG,41.03,52,High,Rainy,5784,38.64
R1446,405,Diesel,6.76,48,High,Clear,2662,138.46
R1447,603,Electric,22.57,71,Low,Clear,4263,17.2
R1448,414,Electric,32.17,66,Medium,Clear,3417,11.11
R1449,1107,Diesel,12.33,68,Medium,Foggy,2536,374.69
R1450,740,Electric,32.12,53,High,Clear,5869,23.49
R1451,91,CNG,46.34,45,Low,Clear,8599,30.47
R1452,293,CNG,49.88,62,High,Clear,6018,84.48
R1453,357,Petrol,3.56,41,Medium,Foggy,1189,91.87
R1454,626,Diesel,13.31,63,Medium,Clear,4655,247.7
R1455,185,Diesel,16.89,36,Low,Rainy,2494,62.41
R1456,30,Diesel,21.16,40,Low,Rainy,6568,13.42
R1457,748,Hybrid,13.63,60,Medium,Rainy,4104,126.6
R1458,820,Diesel,11.77,58,Low,Foggy,766,238.36
R1459,121,Electric,47.82,42,High,Foggy,5818,3.83
R1460,798,Diesel,46.09,60,Low,Clear,5252,328.62
R1461,233,Petrol,4.26,31,Medium,Clear,2334,66.1
R1462,1131,CNG,18.26,68,Medium,Clear,6435,334.58
R1463,420,Electric,21.45,44,Medium,Clear,1336,9.52
R1464,607,Diesel,13.47,86,Medium,Clear,1723,192.13
R1465,908,Petrol,32.19,40,Medium,Clear,1474,239.62
R1466,1089,Petrol,32.74,63,Low,Clear,7375,435.19
R1467,611,Diesel,42.82,68,Low,Snow,6459,271.52
R1468,1129,Diesel,37.56,33,Medium,Clear,276,313.24
R1469,111,Petrol,28.04,40,Medium,Foggy,9645,50.15
R1470,692,Petrol,33.37,58,Medium,Clear,6804,267.45
R1471,733,CNG,15.15,31,Medium,Rainy,3028,171.89
R1472,955,Petrol,30.47,45,Medium,Foggy,8917,415.51
R1473,261,Petrol,25.48,68,Medium,Clear,7717,106.36
R1474,21,Petrol,8.4,42,Low,Clear,7714,8.56
R1475,244,CNG,13.64,66,Medium,Clear,3815,60.68
R1476,820,Electric,16.0,46,High,Clear,4374,23.57
R1477,608,Petrol,46.37,50,High,Foggy,8686,261.31
R1478,135,CNG,13.06,73,Medium,Foggy,9460,47.29
R1479,937,Diesel,15.88,89,Medium,Clear,5071,381.28
R1480,1146,Petrol,19.73,48,High,Clear,8489,487.33
R1481,213,Diesel,33.86,36,Medium,Clear,1068,63.65
R1482,890,Petrol,7.68,67,Low,Clear,3255,271.33
R1483,109,CNG,47.79,37,Low,Rainy,4864,29.16
R1484,141,Electric,43.55,42,Medium,Clear,2604,3.55
R1485,162,Diesel,29.71,66,High,Clear,7743,77.61
R1486,1013,CNG,34.35,31,Medium,Clear,9568,356.8
R1487,125,Petrol,2.8,70,Low,Clear,6106,46.3
R1488,906,Diesel,18.27,40,Low,Rainy,8062,441.83
R1489,447,Diesel,40.19,53,Medium,Clear,8043,217.76
R1490,336,Diesel,5.72,35,High,Snow,1369,103.14
R1491,654,Diesel,15.55,55,Medium,Foggy,1464,202.43
R1492,28,Diesel,30.09,36,Medium,Clear,6816,12.71
R1493,793,Diesel,14.31,86,Low,Clear,1023,236.01
R1494,1116,Diesel,46.83,68,High,Foggy,570,318.5
R1495,242,CNG,8.29,48,Medium,Foggy,6697,72.73
R1496,572,Petrol,40.27,35,Low,Foggy,3054,171.74
R1497,735,Hybrid,26.38,72,Medium,Clear,1248,99.21
R1498,1127,Petrol,38.02,58,Low,Snow,3186,341.79
R1499,130,CNG,16.91,72,Low,Clear,9251,45.05
R1500,270,Electric,26.7,68,Low,Rainy,729,5.79
R1501,402,CNG,43.13,31,Low,Foggy,7507,126.68
R1502,26,Petrol,24.41,48,Medium,Clear,874,6.5
R1503,478,CNG,19.27,33,Medium,Foggy,8651,160.47
R1504,1127,Diesel,27.74,87,Medium,Clear,8809,572.34
R1505,227,Diesel,36.43,35,Medium,Snow,1443,70.13
R1506,919,Petrol,23.29,78,Low,Clear,7498,369.86
R1507,41,Petrol,47.07,86,Low,Snow,7297,16.31
R1508,429,Diesel,16.16,66,Medium,Clear,5116,175.09
R1509,914,Hybrid,24.82,57,Medium,Rainy,7897,196.29
R1510,534,CNG,38.33,59,Low,Clear,2999,124.95
R1511,1170,Petrol,35.08,36,High,Clear,1034,296.92
R1512,828,Hybrid,43.45,38,Medium,Clear,2086,120.09
R1513,893,Petrol,49.85,54,High,Rainy,5096,310.06
R1514,33,Hybrid,22.49,62,Medium,Clear,6642,6.59
R1515,990,Petrol,7.34,30,Low,Clear,5565,354.42
R1516,997,Diesel,3.46,80,Medium,Clear,6411,441.77
R1517,1033,CNG,36.89,35,Low,Snow,8668,347.11
R1518,1055,CNG,43.95,47,Medium,Clear,1605,220.38
R1519,106,CNG,12.59,39,Low,Clear,5463,29.5
R1520,928,Hybrid,9.61,57,High,Clear,1110,123.72
R1521,141,CNG,4.99,40,Low,Clear,3577,34.46
R1522,1190,CNG,41.49,62,High,Clear,7841,382.15
R1523,769,Electric,16.95,30,High,Clear,9522,30.02
R1524,704,CNG,21.28,42,Medium,Foggy,9469,246.71
R1525,328,Petrol,26.13,66,Medium,Rainy,3957,105.29
R1526,714,Electric,42.29,49,Medium,Clear,9964,28.51
R1527,307,Diesel,33.24,30,High,Clear,3939,115.54
R1528,326,CNG,31.52,81,Medium,Rainy,4368,84.31
R1529,933,Electric,10.43,32,Medium,Clear,2653,23.61
R1530,681,CNG,26.63,47,Medium,Rainy,4489,177.61
R1531,568,CNG,36.34,70,High,Clear,651,108.9
R1532,331,CNG,48.72,43,Medium,Clear,5666,93.34
R1533,892,Petrol,11.67,60,Medium,Clear,9331,396.59
R1534,1102,Electric,2.46,56,Medium,Foggy,5858,34.95
R1535,943,Diesel,5.61,46,High,Clear,9176,488.24
R1536,774,Diesel,20.04,84,Medium,Clear,3151,274.83
R1537,54,Diesel,41.39,75,Low,Clear,5422,22.49
R1538,464,Petrol,2.34,58,Medium,Rainy,2655,135.05
R1539,112,Petrol,23.92,65,High,Foggy,1189,28.82
R1540,372,Electric,17.8,66,Medium,Clear,558,7.86
R1541,922,Petrol,4.52,55,High,Clear,4821,314.29
R1542,881,Petrol,23.61,82,Low,Foggy,6404,332.39
R1543,178,Diesel,14.23,46,Medium,Clear,2020,57.77
R1544,976,Petrol,18.89,51,Medium,Clear,7794,399.44
R1545,43,CNG,35.87,54,High,Clear,5768,12.2
R1546,423,Diesel,27.03,31,Low,Rainy,6398,187.28
R1547,824,Diesel,7.98,84,High,Clear,6729,372.19
R1548,535,Diesel,48.15,51,Medium,Foggy,5246,220.23
R1549,751,Diesel,32.52,34,Low,Clear,1103,225.14
R1550,551,Petrol,38.76,33,Medium,Clear,3183,167.07
R1551,975,Diesel,5.8,65,Low,Rainy,2689,334.04
R1552,171,CNG,4.26,35,Medium,Clear,4410,44.35
R1553,966,Electric,2.93,81,Low,Clear,2341,23.84
R1554,627,Petrol,11.06,50,Low,Rainy,5866,228.8
R1555,439,Hybrid,21.89,42,High,Foggy,7811,93.83
R1556,1160,Petrol,46.92,83,Low,Foggy,5080,402.33
R1557,885,Petrol,23.94,66,Low,Snow,1038,224.68
R1558,597,Hybrid,15.93,84,Medium,Foggy,4401,103.17
R1559,354,Diesel,28.97,54,Medium,Clear,4070,134.48
R1560,951,Hybrid,7.37,55,Medium,Clear,4099,160.9
R1561,314,Diesel,31.26,84,Medium,Foggy,4750,125.05
R1562,774,Petrol,29.28,68,Medium,Clear,6727,297.77
R1563,205,Diesel,40.02,49,Medium,Rainy,3508,74.77
R1564,656,CNG,49.36,62,Low,Rainy,9062,225.08
R1565,549,CNG,14.04,43,Low,Clear,348,102.26
R1566,40,CNG,26.46,85,Medium,Foggy,8664,13.44
R1567,930,Petrol,45.63,65,Medium,Clear,6050,343.31
R1568,886,Petrol,39.69,46,Medium,Clear,3026,265.44
R1569,813,Diesel,25.4,50,Medium,Snow,8075,396.76
R1570,119,Diesel,47.38,75,Medium,Clear,3957,44.84
R1571,771,Hybrid,4.75,45,Low,Clear,5030,139.06
R1572,497,Petrol,46.69,75,Low,Clear,7114,195.63
R1573,959,Electric,4.42,45,Medium,Foggy,8993,36.43
R1574,545,Electric,28.27,85,Medium,Rainy,7066,18.6
R1575,353,Petrol,44.74,49,Medium,Rainy,9233,156.15
R1576,21,CNG,14.61,58,Low,Rainy,6687,6.31
R1577,394,Diesel,24.67,57,Medium,Clear,6596,176.55
R1578,312,Diesel,17.57,37,High,Foggy,5191,127.97
R1579,856,Diesel,47.7,53,Low,Foggy,9085,441.09
R1580,1024,Petrol,41.53,32,Medium,Clear,777,253.82
R1581,572,Petrol,36.03,54,High,Clear,6009,210.61
R1582,337,Petrol,30.21,48,Medium,Snow,1661,90.38
R1583,400,Petrol,41.39,62,Medium,Foggy,4153,130.21
R1584,33,Petrol,20.83,31,Low,Foggy,8744,14.23
R1585,523,CNG,23.48,44,Medium,Foggy,3756,129.5
R1586,250,CNG,37.04,51,Low,Clear,5334,69.0
R1587,1127,Diesel,19.17,89,High,Rainy,4246,433.49
R1588,149,Diesel,5.07,39,Medium,Clear,5588,62.71
R1589,857,CNG,5.57,47,Medium,Clear,8181,280.46
R1590,1188,Petrol,7.54,51,Medium,Rainy,309,281.68
R1591,910,CNG,43.74,75,Medium,Clear,5083,247.06
R1592,47,Diesel,24.67,78,Medium,Rainy,7241,21.88
R1593,85,Petrol,36.22,56,High,Clear,5045,29.41
R1594,280,Diesel,20.86,42,High,Clear,8080,136.68
R1595,479,Diesel,14.42,62,Medium,Clear,4066,181.92
R1596,320,CNG,18.67,34,High,Clear,8918,108.97
R1597,938,Petrol,40.12,55,Medium,Clear,9750,426.09
R1598,306,CNG,32.01,42,Medium,Clear,2924,71.19
R1599,1053,Electric,47.01,56,Medium,Snow,1350,23.9
R1600,649,Petrol,34.63,86,Low,Clear,4858,221.79
R1601,289,CNG,29.37,43,Low,Clear,4463,75.24
R1602,611,Diesel,31.29,53,Low,Clear,2263,202.3
R1603,863,Petrol,47.23,32,Medium,Rainy,9915,395.29
R1604,881,CNG,39.83,76,Medium,Clear,1953,189.55
R1605,152,Petrol,3.15,80,Medium,Rainy,853,37.94
R1606,991,Petrol,27.64,78,High,Rainy,5548,354.39
R1607,532,Diesel,35.04,59,Medium,Clear,1968,171.91
R1608,332,Petrol,37.94,64,Medium,Clear,281,78.51
R1609,595,Electric,12.23,77,Low,Foggy,1613,13.82
R1610,905,Electric,43.62,43,Low,Foggy,9194,34.74
R1611,1164,CNG,47.88,41,Medium,Rainy,3444,281.68
R1612,1150,CNG,13.36,57,Medium,Clear,5338,317.5
R1613,706,Petrol,44.37,73,Medium,Clear,7189,279.11
R1614,184,Petrol,6.65,58,Low,Clear,6501,69.83
R1615,324,Diesel,4.67,72,Medium,Clear,2656,110.71
R1616,175,Petrol,8.2,46,Low,Clear,6198,65.2
R1617,639,Petrol,4.77,69,Low,Rainy,5380,226.04
R1618,976,Hybrid,42.56,78,Low,Clear,4344,168.0
R1619,353,Petrol,4.83,50,Low,Rainy,2264,99.57
R1620,988,Petrol,15.04,86,Medium,Foggy,6701,379.51
R1621,530,Petrol,6.98,52,Low,Clear,2121,147.75
R1622,1063,CNG,16.18,49,High,Foggy,2921,247.23
R1623,301,CNG,6.35,40,Medium,Clear,6038,86.89
R1624,816,Diesel,34.06,86,Low,Foggy,6232,357.62
R1625,1044,Petrol,8.4,86,Low,Clear,9862,476.93
R1626,138,Electric,42.89,63,Medium,Clear,6069,4.44
R1627,1078,Petrol,41.23,39,Low,Rainy,6268,403.35
R1628,217,Diesel,2.66,39,High,Clear,813,63.35
R1629,504,CNG,44.99,72,High,Foggy,7303,156.97
R1630,1102,Electric,3.39,89,Low,Clear,3645,30.07
R1631,856,Diesel,13.5,35,Medium,Clear,8514,427.9
R1632,1028,CNG,3.55,65,Low,Clear,963,202.86
R1633,710,Electric,18.12,53,Medium,Clear,4725,20.91
R1634,1055,Petrol,26.67,41,Medium,Clear,5407,373.85
R1635,509,Hybrid,40.24,72,Low,Rainy,1525,70.39
R1636,295,CNG,18.22,84,Low,Rainy,2404,65.87
R1637,712,CNG,35.86,52,Medium,Foggy,753,137.81
R1638,261,CNG,11.0,56,Medium,Snow,9451,91.38
R1639,145,Diesel,38.03,87,Low,Clear,8229,71.37
R1640,236,Diesel,13.33,86,Medium,Rainy,6834,107.27
R1641,1082,Petrol,8.89,74,Medium,Clear,543,262.37
R1642,514,Diesel,10.9,66,High,Rainy,7559,243.68
R1643,446,Petrol,10.74,35,Low,Clear,4769,151.5
R1644,938,Electric,26.62,30,Medium,Snow,5206,28.53
R1645,170,Electric,42.55,35,Medium,Rainy,4536,4.94
R1646,403,CNG,5.82,79,Low,Snow,2957,93.99
R1647,327,Electric,35.93,51,Medium,Foggy,9572,12.8
R1648,765,CNG,33.41,70,Medium,Foggy,3139,180.92
R1649,911,Petrol,43.88,53,High,Foggy,8391,385.35
R1650,394,Diesel,13.72,54,Low,Clear,2837,136.56
R1651,1051,Petrol,23.61,44,Medium,Clear,7056,412.29
R1652,148,CNG,46.44,55,Medium,Clear,5339,40.86
R1653,1034,Petrol,33.68,37,High,Clear,1707,278.42
R1654,688,CNG,20.66,80,Medium,Clear,3053,161.65
R1655,536,Diesel,8.31,53,High,Clear,6033,232.03
R1656,105,CNG,14.6,77,High,Clear,4782,27.94
R1657,330,Electric,29.9,67,Low,Snow,6433,10.85
R1658,1162,CNG,36.47,35,High,Foggy,7492,365.86
R1659,446,Hybrid,7.97,83,High,Clear,9147,102.47
R1660,133,Electric,30.78,64,Low,Clear,6709,4.44
R1661,1188,Hybrid,28.42,71,Medium,Clear,5025,214.2
R1662,322,Hybrid,26.67,30,Medium,Clear,9678,76.04
R1663,763,Electric,35.13,89,Low,Rainy,7350,26.48
R1664,607,CNG,42.2,75,Low,Clear,5883,173.54
R1665,1006,Diesel,17.5,65,Low,Clear,6823,456.95
R1666,364,Petrol,44.67,87,Low,Foggy,284,86.1
R1667,833,Petrol,9.71,41,Medium,Foggy,621,203.49
R1668,820,Diesel,10.31,67,Low,Clear,1348,251.24
R1669,1044,Diesel,14.81,40,High,Rainy,9950,562.35
R1670,1190,Hybrid,7.74,41,Medium,Clear,1102,158.54
R1671,1096,Electric,13.06,71,Low,Clear,6366,35.87
R1672,1112,Electric,7.11,79,Medium,Clear,6544,36.79
R1673,380,Petrol,41.44,68,Medium,Clear,7117,149.6
R1674,1029,Diesel,8.67,36,High,Clear,8685,519.13
R1675,723,Diesel,37.87,40,Low,Clear,1717,228.73
R1676,594,Diesel,4.3,65,Low,Rainy,760,172.57
R1677,1132,Diesel,47.53,81,High,Rainy,5624,477.53
R1678,707,Diesel,36.14,60,High,Clear,7716,338.18
R1679,800,Hybrid,2.33,62,Medium,Clear,5350,147.36
R1680,604,CNG,38.67,42,Medium,Foggy,7612,191.48
R1681,608,Diesel,26.68,47,Low,Clear,7005,279.15
R1682,508,Diesel,39.41,70,Medium,Foggy,419,142.91
R1683,990,Petrol,27.08,87,Low,Rainy,8875,429.78
R1684,1145,Diesel,32.77,85,Low,Clear,3700,423.54
R1685,513,Hybrid,39.74,53,High,Clear,6060,98.87
R1686,38,Petrol,21.45,38,Low,Clear,5379,13.44
R1687,416,Petrol,2.13,60,Medium,Clear,8873,180.58
R1688,1020,Petrol,42.8,84,High,Clear,1867,278.4
R1689,870,Diesel,20.28,70,Low,Rainy,9848,466.23
R1690,841,CNG,25.81,39,High,Clear,1898,180.11
R1691,474,CNG,2.37,89,High,Clear,9290,164.58
R1692,744,CNG,25.62,31,Medium,Clear,9049,255.1
R1693,1108,Diesel,49.35,67,Low,Clear,382,310.59
R1694,1119,Petrol,15.36,44,Medium,Clear,6437,423.04
R1695,730,Petrol,20.98,32,Medium,Clear,5266,256.32
R1696,162,Electric,34.99,72,Medium,Clear,7221,5.58
R1697,936,Petrol,41.11,60,Low,Rainy,7509,376.93
R1698,847,Petrol,22.03,35,High,Clear,5589,303.69
R1699,624,CNG,16.86,32,Low,Rainy,4996,168.44
R1700,324,CNG,47.02,85,Medium,Clear,230,59.66
R1701,755,Petrol,34.5,40,Low,Clear,1393,197.84
R1702,310,Petrol,7.71,44,Medium,Clear,6159,115.21
R1703,121,Petrol,5.31,74,High,Rainy,7057,47.47
R1704,886,Electric,25.21,81,Low,Clear,160,18.0
R1705,987,Petrol,12.56,57,Low,Clear,2311,279.47
R1706,993,Hybrid,14.19,39,Medium,Clear,9840,236.41
R1707,861,Petrol,44.13,67,Medium,Clear,6376,324.29
R1708,981,Hybrid,6.3,76,Medium,Clear,5463,182.03
R1709,961,Electric,36.34,86,Medium,Rainy,8252,35.08
R1710,1046,Petrol,15.01,79,Low,Clear,8073,434.8
R1711,104,Electric,38.5,79,High,Rainy,137,2.11
R1712,347,Diesel,36.68,36,High,Clear,6090,150.75
R1713,835,Hybrid,2.35,44,Medium,Rainy,5538,155.69
R1714,473,CNG,26.44,47,High,Rainy,7777,151.35
R1715,648,Diesel,8.69,47,Medium,Clear,573,184.99
R1716,1197,CNG,43.58,81,Medium,Rainy,158,218.86
R1717,684,Hybrid,43.84,70,Low,Foggy,2736,104.54
R1718,31,Diesel,22.08,53,Medium,Clear,2714,10.64
R1719,1176,Petrol,23.33,31,Medium,Clear,7396,470.53
R1720,323,CNG,16.56,69,Low,Rainy,5099,87.79
R1721,994,Electric,36.4,49,Medium,Clear,9703,39.17
R1722,802,Petrol,19.22,63,Medium,Clear,8376,338.96
R1723,62,Diesel,14.85,72,Medium,Foggy,9825,33.19
R1724,963,Diesel,22.75,55,Medium,Clear,3897,361.34
R1725,362,Petrol,6.39,36,High,Rainy,2774,106.36
R1726,517,Petrol,37.84,67,Low,Rainy,6536,196.63
R1727,383,Hybrid,2.6,59,Medium,Snow,3220,60.76
R1728,910,Diesel,32.94,71,Medium,Clear,9382,476.22
R1729,446,CNG,10.78,34,Medium,Clear,2176,97.75
R1730,1024,Diesel,13.16,40,Medium,Clear,3290,367.44
R1731,40,Diesel,32.51,30,Low,Clear,4887,16.08
R1732,426,Petrol,49.66,63,High,Clear,6156,158.3
R1733,638,Petrol,39.33,85,Medium,Clear,7594,258.17
R1734,1034,CNG,12.84,30,High,Clear,9500,362.93
R1735,355,Hybrid,10.45,48,Medium,Clear,3677,58.26
R1736,1160,CNG,43.58,31,Medium,Rainy,4841,309.88
R1737,1167,Hybrid,23.32,50,High,Rainy,6932,237.12
R1738,418,Electric,8.58,49,Medium,Rainy,2681,10.6
R1739,812,Petrol,43.39,52,Medium,Foggy,3887,259.35
R1740,734,Electric,41.17,50,Medium,Clear,8807,27.61
R1741,70,CNG,49.23,53,High,Snow,7203,21.68
R1742,343,Diesel,45.67,33,Medium,Foggy,1032,102.17
R1743,808,CNG,42.89,41,Medium,Clear,1763,171.08
R1744,160,Diesel,4.52,51,Low,Clear,8848,81.42
R1745,489,Petrol,7.01,49,High,Clear,8014,202.6
R1746,806,CNG,29.31,47,Low,Clear,9963,289.62
R1747,983,Diesel,27.51,30,Medium,Clear,9284,511.82
R1748,1027,Diesel,23.98,59,Medium,Clear,9920,552.36
R1749,392,Hybrid,21.05,62,Medium,Rainy,9983,94.0
R1750,513,CNG,22.7,53,Medium,Clear,4952,138.07
R1751,770,Diesel,29.33,43,Low,Clear,1204,232.93
R1752,1199,CNG,2.1,65,Medium,Foggy,1370,245.39
R1753,310,Petrol,14.51,34,Medium,Clear,9701,140.47
R1754,1187,Petrol,26.88,40,High,Snow,3746,375.28
R1755,125,Hybrid,36.67,53,Low,Clear,5187,22.78
R1756,689,CNG,10.36,89,High,Snow,9622,243.35
R1757,21,Petrol,28.25,60,Medium,Clear,4823,7.16
R1758,608,Electric,36.29,84,High,Clear,2154,14.78
R1759,663,Electric,23.34,42,Medium,Clear,9245,25.52
R1760,109,Diesel,3.3,45,Medium,Rainy,6758,49.32
R1761,369,Diesel,23.56,53,High,Foggy,1942,118.98
R1762,1151,Diesel,16.23,42,High,Clear,2902,400.96
R1763,1082,CNG,46.62,53,Medium,Foggy,7835,347.35
R1764,928,CNG,7.98,83,Low,Clear,8301,305.7
R1765,178,CNG,33.32,55,Medium,Rainy,8413,59.0
R1766,978,Hybrid,4.53,31,Medium,Foggy,6205,190.18
R1767,331,CNG,23.42,45,Low,Clear,2660,75.43
R1768,464,Diesel,28.59,67,Low,Clear,3137,164.58
R1769,317,Diesel,16.3,75,High,Foggy,8732,160.33
R1770,971,Petrol,23.84,30,Low,Foggy,2849,286.96
R1771,55,Petrol,9.85,78,Medium,Snow,690,13.52
R1772,1127,CNG,16.6,40,Low,Foggy,1468,232.64
R1773,578,Electric,31.81,80,Medium,Clear,1461,13.25
R1774,910,Diesel,16.49,64,Low,Foggy,8228,447.86
R1775,160,Petrol,45.19,72,Low,Clear,3873,51.05
R1776,906,CNG,32.16,58,Medium,Snow,2164,198.37
R1777,1161,Petrol,23.06,66,High,Clear,2515,334.19
R1778,745,Diesel,3.86,46,Low,Clear,3051,262.52
R1779,1069,Petrol,25.98,87,Medium,Clear,5716,386.41
R1780,540,Diesel,38.71,83,Medium,Clear,8075,263.53
R1781,29,Hybrid,14.75,68,High,Clear,7201,5.99
R1782,1003,Diesel,40.73,71,Medium,Foggy,9868,538.05
R1783,397,Petrol,14.09,57,Medium,Foggy,5103,137.91
R1784,701,Petrol,41.54,58,Medium,Clear,8406,296.76
R1785,603,Hybrid,6.09,72,High,Rainy,6343,118.26
R1786,171,Diesel,43.58,32,Low,Rainy,6681,77.02
R1787,739,Diesel,25.96,81,Medium,Clear,9660,392.28
R1788,1092,Diesel,16.23,39,High,Clear,8430,543.39
R1789,1197,Diesel,14.73,88,Medium,Foggy,5023,485.53
R1790,878,Diesel,22.74,71,Medium,Rainy,6567,392.74
R1791,69,CNG,49.95,43,Medium,Clear,5041,18.68
R1792,683,Diesel,12.58,41,Medium,Rainy,6537,304.96
R1793,550,Diesel,6.95,76,Medium,Clear,6176,240.21
R1794,1103,Electric,30.08,71,Medium,Clear,5748,34.74
R1795,876,Petrol,25.45,59,Medium,Clear,8101,364.7
R1796,165,Petrol,27.16,61,Medium,Clear,1415,43.32
R1797,934,Diesel,34.01,61,High,Rainy,173,256.54
R1798,1012,Hybrid,14.82,71,Low,Foggy,8775,228.0
R1799,261,Diesel,45.71,61,Medium,Clear,1649,82.09
R1800,600,Electric,22.91,55,Medium,Clear,1459,13.75
R1801,706,CNG,8.2,80,Medium,Rainy,1996,152.45
R1802,502,Diesel,37.63,30,Low,Foggy,6759,227.15
R1803,1151,Hybrid,32.87,85,Medium,Rainy,5346,211.96
R1804,692,Diesel,17.16,87,High,Foggy,7067,318.88
R1805,650,Diesel,31.83,71,Medium,Clear,6761,294.16
R1806,680,Electric,12.55,31,High,Rainy,610,14.43
R1807,681,CNG,23.35,46,High,Clear,8714,229.4
R1808,824,CNG,45.17,59,Low,Clear,2532,185.87
R1809,438,Diesel,8.41,85,Low,Clear,2006,141.98
R1810,1007,Petrol,20.56,68,High,Clear,9250,445.85
R1811,669,CNG,41.41,36,High,Foggy,9116,230.19
R1812,988,Diesel,48.54,81,Low,Foggy,164,271.13
R1813,609,Diesel,23.79,56,Low,Clear,5028,247.11
R1814,1120,Diesel,26.34,38,Low,Clear,4810,447.85
R1815,528,Diesel,29.46,51,High,Clear,6224,231.29
R1816,460,Electric,46.75,63,Low,Clear,7937,16.5
R1817,940,Petrol,43.19,75,Medium,Rainy,900,235.66
R1818,789,Hybrid,10.19,78,High,Foggy,6163,153.03
R1819,282,Petrol,22.96,30,Low,Snow,8569,120.44
R1820,656,CNG,24.27,38,Medium,Rainy,6209,191.4
R1821,478,Diesel,39.88,49,Low,Foggy,6759,216.29
R1822,1018,Petrol,30.94,82,High,Clear,1338,265.47
R1823,719,Diesel,33.4,48,Low,Clear,6682,323.85
R1824,321,Diesel,49.91,65,Medium,Clear,4623,126.74
R1825,1145,Petrol,5.6,89,Medium,Clear,5720,413.99
R1826,573,Hybrid,12.7,69,Low,Rainy,1586,79.67
R1827,307,CNG,21.58,74,Low,Clear,4781,81.68
R1828,640,Diesel,18.69,33,Medium,Clear,4570,251.77
R1829,1025,Diesel,3.04,38,Low,Clear,5719,435.02
R1830,55,Diesel,6.41,70,High,Snow,8384,27.3
R1831,763,Petrol,34.69,51,High,Clear,7277,303.19
R1832,372,CNG,44.21,47,Medium,Rainy,5541,104.06
R1833,92,Hybrid,26.68,41,Medium,Rainy,1940,13.18
R1834,667,Diesel,27.88,71,Medium,Clear,5497,279.09
R1835,1113,Petrol,14.24,72,High,Clear,1721,300.05
R1836,444,Petrol,38.86,68,Medium,Foggy,1661,119.08
R1837,1018,CNG,38.09,38,Low,Clear,5949,292.25
R1838,727,Petrol,30.24,35,Low,Foggy,1516,192.56
R1839,580,CNG,12.21,48,Medium,Clear,4290,149.19
R1840,847,CNG,6.66,77,Medium,Clear,5154,231.04
R1841,975,Diesel,5.08,76,Medium,Foggy,1230,295.63
R1842,536,CNG,30.45,36,Low,Foggy,9705,190.11
R1843,447,Diesel,41.6,45,Medium,Snow,3697,165.31
R1844,179,CNG,43.2,34,Low,Rainy,2218,39.37
R1845,168,Petrol,24.25,45,Low,Foggy,763,41.59
R1846,795,Petrol,39.65,30,Medium,Foggy,2734,232.84
R1847,86,Hybrid,47.45,80,Low,Foggy,2874,13.29
R1848,1033,Electric,15.21,66,Medium,Clear,6294,33.66
R1849,400,Electric,21.1,68,Medium,Clear,4069,11.26
R1850,77,Petrol,46.71,48,Medium,Foggy,3590,24.07
R1851,361,CNG,18.24,83,Medium,Clear,9863,129.07
R1852,1173,Petrol,45.87,66,Low,Clear,1623,313.58
R1853,746,Electric,49.09,46,Low,Clear,8153,27.08
R1854,789,Petrol,33.77,55,High,Clear,1087,201.2
R1855,633,Hybrid,41.21,51,Medium,Clear,8015,136.84
R1856,373,Hybrid,37.98,37,Medium,Clear,6503,73.87
R1857,135,CNG,35.58,62,Low,Foggy,5421,37.47
R1858,681,Diesel,16.73,31,Medium,Clear,3945,256.41
R1859,472,Diesel,4.74,59,Medium,Clear,6401,209.01
R1860,306,Electric,18.47,76,Medium,Clear,198,6.24
R1861,1036,Diesel,34.01,49,Medium,Clear,2388,346.52
R1862,330,Electric,6.92,89,Low,Clear,9806,13.07
R1863,227,Petrol,2.57,47,Low,Rainy,4397,75.17
R1864,637,Petrol,8.71,72,High,Clear,8925,277.27
R1865,465,Hybrid,36.36,86,High,Foggy,7896,99.86
R1866,689,CNG,48.69,39,Low,Clear,7363,215.34
R1867,652,Petrol,49.19,53,Medium,Clear,8870,282.97
R1868,74,Petrol,25.71,85,Low,Clear,4059,23.93
R1869,931,Petrol,43.73,33,Low,Clear,7485,374.41
R1870,1055,CNG,37.37,66,Medium,Rainy,8564,352.53
R1871,676,Diesel,26.05,33,Low,Foggy,5438,281.77
R1872,999,Hybrid,29.49,42,Medium,Rainy,4981,179.59
R1873,534,Electric,8.59,54,Medium,Clear,4054,15.01
R1874,256,Diesel,47.01,42,Low,Clear,4027,96.95
R1875,367,CNG,18.89,47,Low,Clear,8744,123.82
R1876,646,Petrol,23.42,88,High,Snow,9467,289.24
R1877,1147,Diesel,34.24,53,Low,Clear,5011,464.88
R1878,649,Hybrid,18.03,31,Medium,Rainy,513,81.88
R1879,383,Diesel,14.2,77,Medium,Clear,1650,120.47
R1880,340,Diesel,32.29,62,Medium,Clear,4626,134.27
R1881,305,Petrol,3.2,87,Medium,Clear,7241,120.95
R1882,168,Petrol,36.59,48,Low,Clear,6671,64.42
R1883,1127,Petrol,26.67,38,Low,Rainy,2046,312.24
R1884,425,CNG,31.08,57,Low,Clear,5303,117.07
R1885,997,CNG,32.33,64,Medium,Rainy,291,184.68
R1886,475,CNG,27.3,86,Medium,Clear,140,86.7
R1887,819,Diesel,29.96,68,Low,Snow,5992,353.63
R1888,1032,Petrol,34.82,39,Low,Clear,9624,465.8
R1889,803,Diesel,38.15,30,Medium,Foggy,3549,293.76
R1890,479,Diesel,36.92,71,Medium,Foggy,8427,238.32
R1891,757,Petrol,43.74,50,High,Snow,6009,278.73
R1892,528,Diesel,11.09,38,Medium,Clear,2041,171.66
R1893,500,Diesel,21.26,89,Medium,Rainy,9857,268.07
R1894,133,Diesel,47.49,76,Medium,Clear,4321,51.43
R1895,768,Hybrid,21.04,44,High,Clear,7624,162.42
R1896,380,Hybrid,7.99,64,High,Clear,6643,75.89
R1897,360,CNG,27.22,86,Medium,Clear,6322,105.77
R1898,789,Hybrid,7.26,34,Low,Snow,8680,176.86
R1899,780,CNG,11.74,70,Low,Clear,1658,163.68
R1900,988,Petrol,49.92,87,Medium,Clear,2221,277.71
R1901,468,Diesel,27.99,51,Medium,Rainy,1128,140.61
R1902,854,CNG,15.63,70,Medium,Clear,8373,282.43
R1903,330,CNG,49.75,52,Low,Rainy,5756,93.59
R1904,281,CNG,48.39,36,Medium,Clear,9067,96.44
R1905,425,CNG,23.16,85,High,Clear,3138,100.51
R1906,162,Petrol,14.5,52,Low,Clear,1978,44.63
R1907,361,CNG,42.24,73,Medium,Foggy,2371,80.39
R1908,1144,Hybrid,36.35,54,Medium,Rainy,1707,160.71
R1909,263,Petrol,34.97,56,High,Snow,3239,80.08
R1910,509,CNG,44.87,70,High,Clear,705,98.08
R1911,31,Petrol,35.09,35,Medium,Clear,4835,10.58
R1912,580,CNG,15.62,84,Medium,Clear,3765,143.71
R1913,61,CNG,35.31,63,High,Clear,5952,17.52
R1914,697,Diesel,16.68,38,Medium,Clear,5562,292.86
R1915,613,CNG,38.44,89,Medium,Rainy,2244,135.1
R1916,153,Diesel,31.75,78,Medium,Clear,4370,59.36
R1917,1110,CNG,5.72,62,Low,Clear,8207,363.78
R1918,1050,Petrol,26.62,80,Medium,Foggy,1476,277.15
R1919,967,CNG,18.48,89,High,Rainy,3562,236.06
R1920,92,Diesel,17.77,35,Medium,Clear,447,25.95
R1921,418,CNG,30.91,66,Medium,Clear,100,75.99
R1922,597,Diesel,17.47,60,Low,Clear,162,163.8
R1923,878,Electric,39.29,63,Medium,Clear,1883,20.87
R1924,149,Hybrid,5.4,70,Low,Rainy,8517,33.11
R1925,950,Hybrid,33.7,58,Low,Clear,6666,189.99
R1926,285,CNG,40.84,87,Medium,Foggy,1142,57.16
R1927,812,CNG,34.3,43,Low,Rainy,9136,279.69
R1928,272,Diesel,25.87,65,Medium,Rainy,1334,83.24
R1929,841,Diesel,47.61,65,Medium,Clear,2084,274.39
R1930,183,Petrol,16.4,82,High,Clear,9570,82.37
R1931,114,CNG,2.92,44,Medium,Rainy,1694,24.0
R1932,852,Hybrid,22.74,37,Low,Clear,6357,167.23
R1933,1153,Diesel,3.58,55,Low,Clear,2052,375.19
R1934,355,Hybrid,47.79,65,Medium,Clear,1795,50.25
R1935,841,CNG,12.08,77,Medium,Clear,1054,167.34
R1936,257,CNG,39.87,50,Medium,Rainy,3391,61.95
R1937,400,Diesel,39.18,57,Medium,Clear,8648,201.4
R1938,918,Diesel,12.45,33,Low,Clear,1068,274.33
R1939,502,Petrol,31.82,45,Medium,Clear,341,119.4
R1940,921,CNG,4.31,51,Medium,Clear,4334,237.63
R1941,1068,Diesel,25.21,41,Low,Foggy,8438,531.68
R1942,1160,Petrol,2.7,45,Low,Foggy,7449,465.54
R1943,501,Electric,46.21,80,Low,Clear,5261,15.29
R1944,936,Electric,48.85,69,Low,Clear,8834,35.26
R1945,1013,Hybrid,12.67,67,Medium,Clear,8983,230.76
R1946,983,Petrol,11.99,71,Low,Rainy,1125,251.53
R1947,556,Diesel,38.18,66,Low,Clear,3459,202.05
R1948,1122,CNG,14.16,58,Low,Rainy,5357,310.15
R1949,1055,Petrol,44.96,47,High,Clear,5836,384.26
R1950,147,Diesel,29.55,39,High,Rainy,7779,70.56
R1951,111,Diesel,18.84,71,Low,Clear,3051,39.11
R1952,562,Petrol,41.97,68,Medium,Rainy,9021,245.87
R1953,865,Diesel,25.68,47,Low,Clear,7489,408.46
R1954,1008,Diesel,45.76,30,Medium,Rainy,2655,344.42
R1955,466,Diesel,46.54,68,Low,Clear,1250,141.55
R1956,409,Diesel,9.94,50,Medium,Clear,1835,130.69
R1957,691,CNG,2.11,30,Medium,Rainy,8031,224.27
R1958,62,Petrol,49.23,44,High,Clear,1138,15.88
R1959,273,CNG,45.49,33,Low,Rainy,6469,80.93
R1960,1173,Diesel,4.66,89,High,Rainy,7227,545.6
R1961,1103,Diesel,41.99,49,Medium,Clear,3012,387.51
R1962,682,CNG,23.97,39,Low,Clear,4940,183.4
R1963,486,Petrol,14.43,52,Medium,Clear,1342,126.78
R1964,306,Petrol,44.18,70,Low,Clear,9064,134.17
R1965,1030,Petrol,11.44,63,Low,Clear,8198,431.11
R1966,797,Hybrid,47.47,89,Low,Rainy,3512,129.23
R1967,364,Diesel,11.87,75,Medium,Clear,2599,123.82
R1968,661,Petrol,31.46,77,Medium,Clear,7260,262.4
R1969,401,CNG,12.71,62,High,Clear,6210,117.0
R1970,709,Petrol,28.19,63,Low,Clear,3645,222.51
R1971,1099,Diesel,34.83,68,High,Clear,1313,335.69
R1972,476,Petrol,11.13,39,Low,Rainy,518,115.15
R1973,1002,CNG,27.0,83,Medium,Rainy,5060,271.62
R1974,102,Diesel,24.51,49,Medium,Clear,888,29.99
R1975,1142,Diesel,5.41,30,Low,Snow,1971,369.11
R1976,168,Diesel,41.28,42,High,Clear,2125,55.0
R1977,1199,Electric,18.11,30,Medium,Foggy,6364,39.24
R1978,209,Diesel,29.58,34,Medium,Rainy,2546,70.8
R1979,902,Hybrid,26.71,45,Medium,Rainy,7529,189.73
R1980,282,Petrol,26.64,44,Medium,Clear,4923,96.79
R1981,1123,Hybrid,7.15,78,Medium,Clear,8852,254.05
R1982,419,Hybrid,22.33,57,Medium,Clear,2751,64.11
R1983,783,Petrol,23.71,60,Low,Rainy,639,191.6
R1984,628,Diesel,37.21,52,Medium,Clear,6599,281.45
R1985,804,Diesel,42.32,77,High,Rainy,4855,322.47
R1986,120,Diesel,28.16,74,Low,Clear,6059,52.03
R1987,839,CNG,6.17,72,Low,Foggy,3389,202.2
R1988,839,Diesel,13.37,46,Medium,Clear,5646,354.43
R1989,439,Diesel,9.92,78,Medium,Clear,2858,152.41
R1990,143,Petrol,7.98,63,Medium,Clear,5411,50.69
R1991,441,Hybrid,19.56,42,Low,Clear,4207,75.18
R1992,1106,Diesel,13.01,43,Medium,Clear,1995,358.19
R1993,787,Diesel,12.48,40,Low,Rainy,2600,267.74
R1994,502,Diesel,4.63,57,Medium,Clear,2929,175.24
R1995,538,Hybrid,2.85,71,Medium,Clear,147,65.51
R1996,174,CNG,6.93,61,Low,Foggy,2464,39.04
R1997,111,Diesel,10.27,64,Medium,Clear,5766,47.25
R1998,1001,Diesel,22.69,88,High,Foggy,6558,447.51
R1999,474,Diesel,26.5,60,Medium,Snow,9045,243.74
R2000,617,Diesel,8.75,46,High,Clear,8277,304.48
